Source: 14170
Start time: 150
Vertex    Earliest Arrival Time
-----------------------------------
1         unreachable
2         unreachable
3         unreachable
4         unreachable
5         unreachable
6         unreachable
7         unreachable
8         unreachable
9         unreachable
10        unreachable
11        unreachable
12        unreachable
13        unreachable
14        unreachable
15        unreachable
16        unreachable
17        unreachable
18        unreachable
19        unreachable
20        unreachable
21        unreachable
22        unreachable
23        unreachable
24        unreachable
25        unreachable
26        unreachable
27        unreachable
28        unreachable
29        unreachable
30        unreachable
31        unreachable
32        unreachable
33        unreachable
34        unreachable
35        unreachable
36        unreachable
37        unreachable
38        unreachable
39        unreachable
40        unreachable
41        unreachable
42        unreachable
43        unreachable
44        unreachable
45        unreachable
46        unreachable
47        unreachable
48        unreachable
49        unreachable
50        unreachable
51        unreachable
52        unreachable
53        unreachable
54        unreachable
55        unreachable
56        unreachable
57        unreachable
58        unreachable
59        unreachable
60        unreachable
61        unreachable
62        unreachable
63        unreachable
64        unreachable
65        unreachable
66        unreachable
67        unreachable
68        unreachable
69        unreachable
70        unreachable
71        unreachable
72        unreachable
73        unreachable
74        unreachable
75        unreachable
76        unreachable
77        unreachable
78        unreachable
79        unreachable
80        unreachable
81        unreachable
82        unreachable
83        unreachable
84        unreachable
85        unreachable
86        unreachable
87        unreachable
88        unreachable
89        unreachable
90        unreachable
91        unreachable
92        unreachable
93        unreachable
94        unreachable
95        unreachable
96        unreachable
97        unreachable
98        unreachable
99        unreachable
100       unreachable
101       unreachable
102       unreachable
103       unreachable
104       unreachable
105       unreachable
106       unreachable
107       unreachable
108       unreachable
109       unreachable
110       unreachable
111       unreachable
112       unreachable
113       unreachable
114       unreachable
115       unreachable
116       unreachable
117       unreachable
118       unreachable
119       unreachable
120       unreachable
121       unreachable
122       unreachable
123       unreachable
124       unreachable
125       unreachable
126       unreachable
127       unreachable
128       unreachable
129       unreachable
130       unreachable
131       unreachable
132       unreachable
133       unreachable
134       unreachable
135       unreachable
136       unreachable
137       unreachable
138       unreachable
139       unreachable
140       unreachable
141       unreachable
142       unreachable
143       unreachable
144       unreachable
145       unreachable
146       unreachable
147       unreachable
148       unreachable
149       unreachable
150       unreachable
151       unreachable
152       unreachable
153       unreachable
154       unreachable
155       unreachable
156       unreachable
157       unreachable
158       unreachable
159       unreachable
160       unreachable
161       unreachable
162       unreachable
163       unreachable
164       unreachable
165       unreachable
166       unreachable
167       unreachable
168       unreachable
169       unreachable
170       unreachable
171       unreachable
172       unreachable
173       unreachable
174       unreachable
175       unreachable
176       unreachable
177       unreachable
178       unreachable
179       unreachable
180       unreachable
181       unreachable
182       unreachable
183       unreachable
184       unreachable
185       unreachable
186       unreachable
187       unreachable
188       unreachable
189       unreachable
190       unreachable
191       unreachable
192       unreachable
193       unreachable
194       unreachable
195       unreachable
196       unreachable
197       unreachable
198       unreachable
199       unreachable
200       unreachable
201       unreachable
202       unreachable
203       unreachable
204       unreachable
205       unreachable
206       unreachable
207       unreachable
208       unreachable
209       unreachable
210       unreachable
211       unreachable
212       unreachable
213       unreachable
214       unreachable
215       unreachable
216       unreachable
217       unreachable
218       unreachable
219       unreachable
220       unreachable
221       unreachable
222       unreachable
223       unreachable
224       unreachable
225       unreachable
226       unreachable
227       unreachable
228       unreachable
229       unreachable
230       unreachable
231       unreachable
232       unreachable
233       unreachable
234       unreachable
235       unreachable
236       unreachable
237       unreachable
238       unreachable
239       unreachable
240       unreachable
241       unreachable
242       unreachable
243       unreachable
244       unreachable
245       unreachable
246       unreachable
247       unreachable
248       unreachable
249       unreachable
250       unreachable
251       unreachable
252       unreachable
253       unreachable
254       unreachable
255       unreachable
256       unreachable
257       unreachable
258       unreachable
259       unreachable
260       unreachable
261       unreachable
262       unreachable
263       unreachable
264       unreachable
265       unreachable
266       unreachable
267       unreachable
268       unreachable
269       unreachable
270       unreachable
271       unreachable
272       unreachable
273       unreachable
274       unreachable
275       unreachable
276       unreachable
277       unreachable
278       unreachable
279       unreachable
280       unreachable
281       unreachable
282       unreachable
283       unreachable
284       unreachable
285       unreachable
286       unreachable
287       unreachable
288       unreachable
289       unreachable
290       unreachable
291       unreachable
292       unreachable
293       unreachable
294       unreachable
295       unreachable
296       unreachable
297       unreachable
298       unreachable
299       unreachable
300       unreachable
301       unreachable
302       unreachable
303       unreachable
304       unreachable
305       unreachable
306       unreachable
307       unreachable
308       unreachable
309       unreachable
310       unreachable
311       unreachable
312       unreachable
313       unreachable
314       unreachable
315       unreachable
316       unreachable
317       unreachable
318       unreachable
319       unreachable
320       unreachable
321       unreachable
322       unreachable
323       unreachable
324       unreachable
325       unreachable
326       unreachable
327       unreachable
328       unreachable
329       unreachable
330       unreachable
331       unreachable
332       unreachable
333       unreachable
334       unreachable
335       unreachable
336       unreachable
337       unreachable
338       unreachable
339       unreachable
340       unreachable
341       unreachable
342       unreachable
343       unreachable
344       unreachable
345       unreachable
346       unreachable
347       unreachable
348       unreachable
349       unreachable
350       unreachable
351       unreachable
352       unreachable
353       unreachable
354       unreachable
355       unreachable
356       unreachable
357       unreachable
358       unreachable
359       unreachable
360       unreachable
361       unreachable
362       unreachable
363       unreachable
364       unreachable
365       unreachable
366       unreachable
367       unreachable
368       unreachable
369       unreachable
370       unreachable
371       unreachable
372       unreachable
373       unreachable
374       unreachable
375       unreachable
376       unreachable
377       unreachable
378       unreachable
379       unreachable
380       unreachable
381       unreachable
382       unreachable
383       unreachable
384       unreachable
385       unreachable
386       unreachable
387       unreachable
388       unreachable
389       unreachable
390       unreachable
391       unreachable
392       unreachable
393       unreachable
394       unreachable
395       unreachable
396       unreachable
397       unreachable
398       unreachable
399       unreachable
400       unreachable
401       unreachable
402       unreachable
403       unreachable
404       unreachable
405       unreachable
406       unreachable
407       unreachable
408       unreachable
409       unreachable
410       unreachable
411       unreachable
412       unreachable
413       unreachable
414       unreachable
415       unreachable
416       unreachable
417       unreachable
418       unreachable
419       unreachable
420       unreachable
421       unreachable
422       unreachable
423       unreachable
424       unreachable
425       unreachable
426       unreachable
427       unreachable
428       unreachable
429       unreachable
430       unreachable
431       unreachable
432       unreachable
433       unreachable
434       unreachable
435       unreachable
436       unreachable
437       unreachable
438       unreachable
439       unreachable
440       unreachable
441       unreachable
442       unreachable
443       unreachable
444       unreachable
445       unreachable
446       unreachable
447       unreachable
448       unreachable
449       unreachable
450       unreachable
451       unreachable
452       unreachable
453       unreachable
454       unreachable
455       unreachable
456       unreachable
457       unreachable
458       unreachable
459       unreachable
460       unreachable
461       unreachable
462       unreachable
463       unreachable
464       unreachable
465       unreachable
466       unreachable
467       unreachable
468       unreachable
469       unreachable
470       unreachable
471       unreachable
472       unreachable
473       unreachable
474       unreachable
475       unreachable
476       unreachable
477       unreachable
478       unreachable
479       unreachable
480       unreachable
481       unreachable
482       unreachable
483       unreachable
484       unreachable
485       unreachable
486       unreachable
487       unreachable
488       unreachable
489       unreachable
490       unreachable
491       unreachable
492       unreachable
493       unreachable
494       unreachable
495       unreachable
496       unreachable
497       unreachable
498       unreachable
499       unreachable
500       unreachable
501       unreachable
502       unreachable
503       unreachable
504       unreachable
505       unreachable
506       unreachable
507       unreachable
508       unreachable
509       unreachable
510       unreachable
511       unreachable
512       unreachable
513       unreachable
514       20724
515       5820
516       5940
517       5976
518       6012
519       6048
520       6084
521       6120
522       6180
523       6228
524       6276
525       6324
526       6372
527       6420
528       6480
529       8334
530       8388
531       8442
532       8496
533       8550
534       10080
535       10116
536       10152
537       10188
538       10224
539       10260
540       10302
541       10344
542       10386
543       10440
544       10500
545       10560
546       10620
547       21720
548       22020
549       11820
550       11862
551       11904
552       11946
553       12000
554       12048
555       12096
556       12144
557       12192
558       12240
559       12276
560       12312
561       12348
562       12384
563       12420
564       15372
565       15414
566       15456
567       15498
568       15540
569       9180
570       9228
571       9276
572       9324
573       9372
574       9420
575       9480
576       9540
577       9600
578       9660
579       9720
580       5748
581       5796
582       19920
583       19020
584       15480
585       8340
586       8376
587       8412
588       8460
589       18420
590       18540
591       18600
592       18660
593       18720
594       18762
595       18804
596       18846
597       18900
598       18960
599       19020
600       19080
601       19140
602       18060
603       18120
604       18108
605       18162
606       18270
607       18300
608       18330
609       7362
610       19632
611       16800
612       19860
613       unreachable
614       5556
615       5640
616       20112
617       20184
618       20250
619       20292
620       5880
621       6000
622       6042
623       6084
624       6126
625       6180
626       19656
627       19692
628       19728
629       19764
630       19800
631       19860
632       19908
633       19956
634       20004
635       20052
636       21240
637       21300
638       21360
639       21420
640       21540
641       21660
642       9780
643       9840
644       7260
645       8676
646       8760
647       22980
648       6522
649       21696
650       21744
651       21792
652       21840
653       21888
654       28500
655       22620
656       22656
657       22692
658       22728
659       22764
660       22800
661       22872
662       11820
663       21936
664       22020
665       22110
666       22200
667       22278
668       22356
669       11370
670       22500
671       22560
672       22836
673       27480
674       24630
675       24720
676       24732
677       24744
678       24756
679       24768
680       24780
681       24792
682       17580
683       24888
684       24936
685       24984
686       25032
687       9054
688       6660
689       6696
690       6732
691       6768
692       25680
693       25740
694       25800
695       25860
696       25902
697       25944
698       8886
699       8928
700       26070
701       26112
702       20850
703       20880
704       20910
705       11100
706       11160
707       11202
708       26700
709       26760
710       26820
711       26880
712       20220
713       26970
714       27000
715       27030
716       27060
717       27144
718       19440
719       20820
720       20940
721       20988
722       19740
723       19776
724       21138
725       21186
726       21240
727       21288
728       21336
729       21390
730       21438
731       21486
732       21540
733       21570
734       21600
735       21630
736       21660
737       21720
738       21780
739       21840
740       21900
741       21960
742       21996
743       22038
744       22080
745       22122
746       22170
747       22212
748       22260
749       22308
750       22362
751       22416
752       22464
753       22518
754       22572
755       22620
756       22680
757       10140
758       7320
759       8880
760       12642
761       7428
762       7860
763       16440
764       16482
765       16530
766       16578
767       16620
768       16668
769       16716
770       16758
771       16806
772       16860
773       5088
774       5136
775       5184
776       5232
777       5280
778       5328
779       5400
780       5430
781       5460
782       5490
783       16578
784       16632
785       16686
786       16740
787       16800
788       5700
789       5760
790       21120
791       5748
792       8550
793       8580
794       8610
795       8640
796       5256
797       5292
798       5340
799       5382
800       5424
801       5466
802       6600
803       6630
804       6660
805       6720
806       6762
807       6804
808       6846
809       6888
810       6930
811       5040
812       5076
813       5118
814       5160
815       5196
816       5238
817       5280
818       5316
819       5358
820       21000
821       5376
822       5856
823       5940
824       5982
825       unreachable
826       unreachable
827       unreachable
828       unreachable
829       unreachable
830       unreachable
831       unreachable
832       unreachable
833       unreachable
834       unreachable
835       unreachable
836       unreachable
837       unreachable
838       unreachable
839       unreachable
840       unreachable
841       unreachable
842       unreachable
843       unreachable
844       unreachable
845       unreachable
846       unreachable
847       unreachable
848       unreachable
849       unreachable
850       18660
851       19500
852       19560
853       19620
854       19680
855       19728
856       19776
857       19824
858       19872
859       18180
860       7740
861       18840
862       18900
863       18960
864       19020
865       19080
866       19140
867       19200
868       19248
869       19296
870       19344
871       19392
872       7572
873       7608
874       7644
875       7680
876       7716
877       7752
878       8922
879       8964
880       9006
881       8310
882       7740
883       unreachable
884       18420
885       8070
886       8112
887       7020
888       7050
889       7080
890       7110
891       7140
892       7170
893       7260
894       7296
895       7332
896       7368
897       7404
898       7440
899       7500
900       7560
901       7620
902       7680
903       18300
904       18360
905       18420
906       18468
907       18504
908       18540
909       18600
910       18678
911       18756
912       17640
913       18888
914       18936
915       18984
916       19032
917       19080
918       19140
919       19176
920       19212
921       19248
922       19284
923       19320
924       19356
925       19392
926       19440
927       19500
928       19560
929       19620
930       19680
931       19740
932       19800
933       19860
934       19920
935       20010
936       20100
937       20100
938       unreachable
939       4860
940       4920
941       4980
942       5040
943       5100
944       5160
945       5220
946       19920
947       19980
948       20442
949       20484
950       20526
951       20568
952       20610
953       20652
954       20694
955       19920
956       19962
957       20004
958       5580
959       5640
960       5676
961       5712
962       5784
963       5820
964       5856
965       5892
966       5940
967       19926
968       19992
969       20160
970       20220
971       20280
972       21720
973       20580
974       20670
975       5712
976       20160
977       20208
978       20256
979       20304
980       20352
981       20400
982       20460
983       17220
984       17280
985       22440
986       unreachable
987       20982
988       17340
989       19380
990       19440
991       19500
992       19530
993       19560
994       19620
995       19680
996       6360
997       6420
998       6480
999       19884
1000      19932
1001      19980
1002      20028
1003      20076
1004      20124
1005      20172
1006      20220
1007      20268
1008      8400
1009      8430
1010      8460
1011      8490
1012      8520
1013      8670
1014      19344
1015      19386
1016      20940
1017      20976
1018      21012
1019      21048
1020      21084
1021      21120
1022      21156
1023      21192
1024      21228
1025      18000
1026      18048
1027      17760
1028      17820
1029      4740
1030      4800
1031      4860
1032      4920
1033      21840
1034      22260
1035      17700
1036      6972
1037      7008
1038      7044
1039      7080
1040      7104
1041      7128
1042      7152
1043      7176
1044      7200
1045      7224
1046      7248
1047      7272
1048      7296
1049      19584
1050      19632
1051      19680
1052      19728
1053      19776
1054      19824
1055      19872
1056      19920
1057      19980
1058      20022
1059      20064
1060      20106
1061      21528
1062      21570
1063      21612
1064      21660
1065      21708
1066      21756
1067      20862
1068      20904
1069      20946
1070      20526
1071      18720
1072      18780
1073      18840
1074      17160
1075      17220
1076      16920
1077      20952
1078      21000
1079      unreachable
1080      5160
1081      5220
1082      5820
1083      5880
1084      5940
1085      6000
1086      19860
1087      19920
1088      19956
1089      19992
1090      20340
1091      20400
1092      20442
1093      20484
1094      20526
1095      20802
1096      20844
1097      20886
1098      20940
1099      21000
1100      21060
1101      21120
1102      21168
1103      21216
1104      21264
1105      21312
1106      21360
1107      7050
1108      7080
1109      7110
1110      7140
1111      7170
1112      7200
1113      7230
1114      7260
1115      7290
1116      7320
1117      7380
1118      7416
1119      7452
1120      7488
1121      18420
1122      5970
1123      6000
1124      6030
1125      22512
1126      22560
1127      22596
1128      22632
1129      17280
1130      6180
1131      6222
1132      6264
1133      6306
1134      22920
1135      22938
1136      22956
1137      22980
1138      23028
1139      23076
1140      23124
1141      23172
1142      23220
1143      23268
1144      23316
1145      23364
1146      23412
1147      23460
1148      23490
1149      23520
1150      23550
1151      23580
1152      23862
1153      23904
1154      23946
1155      24000
1156      24036
1157      24072
1158      24108
1159      24144
1160      24180
1161      24240
1162      24288
1163      24336
1164      24384
1165      24432
1166      22560
1167      22620
1168      7980
1169      8022
1170      8064
1171      8106
1172      17160
1173      20280
1174      20340
1175      20370
1176      20400
1177      8280
1178      8310
1179      8340
1180      8370
1181      16704
1182      16746
1183      16800
1184      16860
1185      16920
1186      18282
1187      18324
1188      18366
1189      18408
1190      18450
1191      20490
1192      20520
1193      20550
1194      20460
1195      20520
1196      20580
1197      20640
1198      20700
1199      20736
1200      20772
1201      20808
1202      20844
1203      20880
1204      20940
1205      9060
1206      9096
1207      9132
1208      9168
1209      21264
1210      21300
1211      21324
1212      21348
1213      21378
1214      21402
1215      21426
1216      21456
1217      21084
1218      21120
1219      21180
1220      21462
1221      19980
1222      20040
1223      20160
1224      20196
1225      7980
1226      8022
1227      8058
1228      8100
1229      18936
1230      18978
1231      19020
1232      19056
1233      19098
1234      19140
1235      19188
1236      19236
1237      19284
1238      19332
1239      19380
1240      19416
1241      19452
1242      19488
1243      19008
1244      19044
1245      19080
1246      19116
1247      18240
1248      19716
1249      19758
1250      19800
1251      19860
1252      19920
1253      unreachable
1254      unreachable
1255      unreachable
1256      unreachable
1257      unreachable
1258      unreachable
1259      18000
1260      18060
1261      18108
1262      18156
1263      18204
1264      18252
1265      18300
1266      18360
1267      18420
1268      18480
1269      18540
1270      18840
1271      18918
1272      18996
1273      20832
1274      20880
1275      20940
1276      21720
1277      19380
1278      21840
1279      10860
1280      18744
1281      18816
1282      18900
1283      8904
1284      8946
1285      9000
1286      9480
1287      9144
1288      9216
1289      9300
1290      9360
1291      9420
1292      9480
1293      9540
1294      18240
1295      18282
1296      19752
1297      19788
1298      19824
1299      19860
1300      19896
1301      19932
1302      19968
1303      8340
1304      8388
1305      8436
1306      8484
1307      8532
1308      8580
1309      8640
1310      8700
1311      8760
1312      19506
1313      19548
1314      19590
1315      19632
1316      19674
1317      12900
1318      5940
1319      6240
1320      6300
1321      6330
1322      19440
1323      19872
1324      12726
1325      12780
1326      12840
1327      18588
1328      18888
1329      18936
1330      18984
1331      19032
1332      6000
1333      6060
1334      6120
1335      6192
1336      6264
1337      6336
1338      6408
1339      6480
1340      22140
1341      3600
1342      3660
1343      3720
1344      3780
1345      3840
1346      3900
1347      3936
1348      3972
1349      4668
1350      4710
1351      4752
1352      3960
1353      4020
1354      4080
1355      5208
1356      18816
1357      18852
1358      18888
1359      19968
1360      20016
1361      20064
1362      20112
1363      20160
1364      5040
1365      5100
1366      21000
1367      22344
1368      22392
1369      17172
1370      17214
1371      22800
1372      22860
1373      22920
1374      17322
1375      17364
1376      17406
1377      20292
1378      20196
1379      20280
1380      17040
1381      17070
1382      17100
1383      17466
1384      17508
1385      17550
1386      17592
1387      17634
1388      17700
1389      17850
1390      6552
1391      6588
1392      6060
1393      6120
1394      6192
1395      6264
1396      6336
1397      2520
1398      2550
1399      2580
1400      2640
1401      2676
1402      2712
1403      2748
1404      2784
1405      19080
1406      9000
1407      18780
1408      18900
1409      18918
1410      18942
1411      18966
1412      19116
1413      19152
1414      19188
1415      19224
1416      19260
1417      19296
1418      19332
1419      19380
1420      19428
1421      19482
1422      19536
1423      19584
1424      19638
1425      19692
1426      19800
1427      19884
1428      19908
1429      19932
1430      19950
1431      19980
1432      20100
1433      18300
1434      19380
1435      19440
1436      19500
1437      19560
1438      19620
1439      19680
1440      19740
1441      19776
1442      19812
1443      19848
1444      19884
1445      19920
1446      20040
1447      20100
1448      7362
1449      19620
1450      7452
1451      7500
1452      7536
1453      20412
1454      20448
1455      20520
1456      unreachable
1457      7230
1458      7320
1459      7404
1460      19680
1461      19800
1462      19836
1463      19872
1464      19908
1465      19560
1466      19980
1467      19836
1468      19884
1469      19926
1470      19968
1471      20280
1472      20340
1473      8862
1474      21336
1475      21378
1476      21420
1477      21462
1478      21510
1479      21552
1480      19260
1481      19320
1482      21762
1483      21804
1484      21846
1485      21888
1486      21930
1487      21972
1488      21360
1489      21420
1490      21480
1491      21540
1492      20160
1493      20220
1494      20280
1495      20340
1496      20388
1497      20442
1498      20490
1499      20010
1500      20052
1501      20094
1502      7620
1503      18012
1504      20316
1505      20394
1506      20940
1507      21000
1508      21060
1509      21120
1510      19200
1511      18420
1512      18480
1513      18540
1514      18600
1515      18660
1516      9360
1517      9420
1518      17700
1519      17760
1520      17820
1521      17880
1522      17940
1523      18360
1524      18324
1525      18366
1526      18408
1527      18450
1528      18492
1529      18534
1530      18576
1531      18720
1532      18780
1533      18840
1534      18900
1535      18972
1536      19044
1537      19116
1538      21240
1539      22542
1540      22584
1541      22626
1542      22668
1543      22710
1544      22758
1545      22800
1546      22842
1547      22884
1548      22926
1549      20340
1550      20382
1551      20280
1552      21282
1553      21312
1554      21348
1555      21384
1556      20520
1557      21450
1558      21486
1559      21516
1560      21552
1561      21582
1562      21618
1563      19872
1564      19920
1565      21174
1566      9978
1567      20220
1568      20268
1569      20316
1570      20364
1571      20412
1572      18900
1573      18936
1574      18972
1575      19662
1576      19704
1577      19746
1578      19788
1579      19830
1580      22740
1581      22800
1582      22860
1583      22920
1584      22980
1585      23040
1586      23100
1587      23190
1588      23280
1589      23370
1590      23460
1591      23484
1592      23508
1593      23532
1594      23556
1595      23580
1596      23628
1597      23676
1598      23724
1599      23772
1600      23820
1601      23868
1602      23916
1603      24000
1604      24180
1605      24600
1606      24642
1607      24684
1608      24726
1609      24768
1610      24810
1611      24852
1612      24894
1613      24936
1614      25020
1615      25050
1616      25080
1617      25110
1618      25140
1619      25188
1620      25236
1621      25284
1622      25332
1623      25380
1624      25428
1625      25500
1626      25566
1627      25632
1628      25698
1629      25764
1630      21300
1631      21360
1632      21420
1633      21480
1634      21540
1635      18492
1636      18534
1637      21216
1638      21252
1639      21288
1640      21324
1641      21360
1642      17100
1643      7422
1644      8520
1645      8580
1646      8640
1647      8700
1648      17760
1649      17808
1650      17856
1651      20064
1652      25140
1653      25188
1654      25236
1655      25284
1656      25332
1657      25380
1658      25428
1659      25500
1660      25560
1661      25620
1662      25680
1663      25740
1664      25800
1665      25860
1666      unreachable
1667      unreachable
1668      unreachable
1669      unreachable
1670      unreachable
1671      unreachable
1672      unreachable
1673      unreachable
1674      unreachable
1675      unreachable
1676      unreachable
1677      unreachable
1678      unreachable
1679      unreachable
1680      unreachable
1681      18690
1682      18720
1683      18750
1684      9480
1685      9540
1686      9600
1687      9660
1688      9720
1689      3420
1690      19548
1691      4548
1692      4596
1693      4644
1694      4008
1695      4050
1696      4092
1697      19920
1698      19980
1699      20040
1700      20100
1701      20160
1702      20220
1703      20280
1704      17136
1705      17220
1706      17262
1707      17304
1708      17346
1709      17388
1710      17430
1711      17472
1712      17514
1713      20820
1714      17850
1715      21240
1716      18120
1717      unreachable
1718      unreachable
1719      unreachable
1720      unreachable
1721      unreachable
1722      unreachable
1723      unreachable
1724      unreachable
1725      unreachable
1726      unreachable
1727      unreachable
1728      unreachable
1729      unreachable
1730      unreachable
1731      unreachable
1732      unreachable
1733      unreachable
1734      unreachable
1735      17196
1736      17244
1737      17292
1738      17340
1739      4980
1740      5040
1741      5100
1742      20100
1743      3480
1744      5112
1745      5148
1746      4260
1747      23964
1748      24000
1749      24060
1750      24120
1751      24180
1752      24240
1753      6720
1754      6780
1755      6840
1756      6900
1757      6960
1758      7020
1759      3600
1760      3660
1761      16782
1762      16824
1763      24900
1764      24960
1765      25020
1766      25080
1767      25140
1768      25260
1769      25290
1770      25320
1771      25350
1772      25380
1773      25428
1774      25476
1775      25524
1776      25572
1777      25620
1778      25884
1779      25926
1780      25968
1781      26010
1782      26052
1783      26094
1784      26136
1785      26178
1786      26220
1787      26316
1788      26412
1789      unreachable
1790      unreachable
1791      unreachable
1792      unreachable
1793      unreachable
1794      unreachable
1795      unreachable
1796      unreachable
1797      unreachable
1798      unreachable
1799      unreachable
1800      unreachable
1801      unreachable
1802      unreachable
1803      unreachable
1804      unreachable
1805      unreachable
1806      unreachable
1807      unreachable
1808      unreachable
1809      unreachable
1810      unreachable
1811      unreachable
1812      unreachable
1813      unreachable
1814      unreachable
1815      unreachable
1816      4464
1817      4506
1818      4560
1819      4620
1820      19740
1821      16842
1822      17796
1823      17844
1824      17892
1825      17940
1826      17988
1827      20136
1828      22260
1829      22320
1830      22380
1831      22440
1832      22500
1833      23940
1834      23580
1835      7800
1836      7836
1837      19560
1838      7944
1839      19836
1840      19878
1841      19920
1842      20100
1843      20160
1844      20220
1845      20256
1846      20298
1847      20340
1848      20376
1849      20418
1850      20460
1851      20532
1852      9636
1853      7296
1854      7338
1855      7380
1856      10230
1857      8652
1858      21042
1859      21120
1860      21222
1861      19560
1862      19650
1863      8196
1864      21660
1865      21288
1866      7122
1867      7164
1868      7206
1869      7248
1870      8340
1871      8388
1872      8436
1873      13440
1874      7470
1875      22620
1876      19884
1877      19920
1878      19956
1879      19992
1880      22926
1881      22980
1882      23028
1883      23280
1884      23310
1885      9282
1886      9318
1887      9360
1888      21660
1889      10800
1890      10920
1891      10980
1892      11040
1893      11100
1894      11160
1895      29820
1896      19080
1897      19140
1898      19200
1899      19260
1900      19320
1901      21600
1902      7200
1903      20400
1904      20460
1905      19800
1906      unreachable
1907      unreachable
1908      unreachable
1909      unreachable
1910      unreachable
1911      unreachable
1912      unreachable
1913      21570
1914      21600
1915      21660
1916      22740
1917      3132
1918      3180
1919      3240
1920      3300
1921      3360
1922      3420
1923      3480
1924      3540
1925      20172
1926      20220
1927      20280
1928      20400
1929      20460
1930      20520
1931      20580
1932      20640
1933      20700
1934      20760
1935      20838
1936      20916
1937      21000
1938      21036
1939      21072
1940      21120
1941      21240
1942      43680
1943      43776
1944      43872
1945      43980
1946      44010
1947      44040
1948      44070
1949      44100
1950      44160
1951      44220
1952      44280
1953      44340
1954      44400
1955      44460
1956      44580
1957      21300
1958      5580
1959      5616
1960      5652
1961      5688
1962      14688
1963      14760
1964      14808
1965      14856
1966      18780
1967      18840
1968      18900
1969      18960
1970      19020
1971      19080
1972      19140
1973      19200
1974      19290
1975      19236
1976      19332
1977      19428
1978      19524
1979      19620
1980      19662
1981      19704
1982      19746
1983      18240
1984      18318
1985      19980
1986      20052
1987      20124
1988      20610
1989      21090
1990      21180
1991      21270
1992      21360
1993      21420
1994      21480
1995      6396
1996      6480
1997      21642
1998      21684
1999      21726
2000      21780
2001      21840
2002      21900
2003      21348
2004      21396
2005      21444
2006      3900
2007      23430
2008      23520
2009      23580
2010      23640
2011      23688
2012      16332
2013      16368
2014      16404
2015      5916
2016      5952
2017      5988
2018      24024
2019      24072
2020      24120
2021      24168
2022      24000
2023      24300
2024      24360
2025      8700
2026      8724
2027      8748
2028      25020
2029      25248
2030      25296
2031      25344
2032      5490
2033      5520
2034      5550
2035      19620
2036      19680
2037      19740
2038      19800
2039      19860
2040      19920
2041      19980
2042      20040
2043      5232
2044      5274
2045      17796
2046      17832
2047      17868
2048      20256
2049      20280
2050      20340
2051      20400
2052      20460
2053      20520
2054      20040
2055      20082
2056      20124
2057      20166
2058      20220
2059      20280
2060      20328
2061      20496
2062      20544
2063      20592
2064      20640
2065      20700
2066      20736
2067      20772
2068      20820
2069      20910
2070      21150
2071      21180
2072      21210
2073      21240
2074      21270
2075      20880
2076      20940
2077      21420
2078      21480
2079      18600
2080      18636
2081      18672
2082      18708
2083      18744
2084      18780
2085      19020
2086      20070
2087      20160
2088      18552
2089      18600
2090      18636
2091      18672
2092      18708
2093      18744
2094      18780
2095      21708
2096      21756
2097      21804
2098      20880
2099      21948
2100      21996
2101      22044
2102      22092
2103      20940
2104      20976
2105      21012
2106      21048
2107      21084
2108      22680
2109      22716
2110      22752
2111      22788
2112      22824
2113      22080
2114      22140
2115      22200
2116      22248
2117      22296
2118      22344
2119      8460
2120      8472
2121      8544
2122      8616
2123      6120
2124      6180
2125      6240
2126      5400
2127      5478
2128      5556
2129      5700
2130      5760
2131      5832
2132      5904
2133      5976
2134      6120
2135      6180
2136      6240
2137      6300
2138      6360
2139      6420
2140      6720
2141      6768
2142      6816
2143      6864
2144      6912
2145      6960
2146      5442
2147      5484
2148      5526
2149      6096
2150      6150
2151      6204
2152      6258
2153      6312
2154      6366
2155      5112
2156      5154
2157      5196
2158      5280
2159      5328
2160      5376
2161      5496
2162      5532
2163      5580
2164      5640
2165      5700
2166      5736
2167      5772
2168      5808
2169      5844
2170      5880
2171      5916
2172      5952
2173      5988
2174      6024
2175      6060
2176      4830
2177      4920
2178      5010
2179      5160
2180      5190
2181      5220
2182      5250
2183      5280
2184      5310
2185      5340
2186      4740
2187      4812
2188      4884
2189      4956
2190      5028
2191      5100
2192      5220
2193      5280
2194      5340
2195      5400
2196      5460
2197      5520
2198      6600
2199      5622
2200      5664
2201      5706
2202      19248
2203      7020
2204      19440
2205      19488
2206      19536
2207      19584
2208      19632
2209      19680
2210      19740
2211      6840
2212      6900
2213      7740
2214      7800
2215      7860
2216      7920
2217      6780
2218      6822
2219      6864
2220      6906
2221      6948
2222      6990
2223      6222
2224      6264
2225      6360
2226      6420
2227      6480
2228      6600
2229      6660
2230      6720
2231      5220
2232      5310
2233      6060
2234      6138
2235      6216
2236      6300
2237      6342
2238      6384
2239      6420
2240      6450
2241      6480
2242      6510
2243      6612
2244      6648
2245      6720
2246      6120
2247      6156
2248      6192
2249      6348
2250      6384
2251      6420
2252      6456
2253      6492
2254      6528
2255      6000
2256      6060
2257      6120
2258      6240
2259      5550
2260      5640
2261      5730
2262      5820
2263      5880
2264      6000
2265      4860
2266      5160
2267      5250
2268      5340
2269      4842
2270      4884
2271      4926
2272      4968
2273      5010
2274      5052
2275      5094
2276      5136
2277      5220
2278      5268
2279      5316
2280      5364
2281      5412
2282      5760
2283      6120
2284      6180
2285      6240
2286      6288
2287      6336
2288      6384
2289      6432
2290      6480
2291      18720
2292      6900
2293      6960
2294      7020
2295      6936
2296      6972
2297      7008
2298      7044
2299      7080
2300      21588
2301      22830
2302      22860
2303      22890
2304      22920
2305      22950
2306      22980
2307      23010
2308      7836
2309      7872
2310      7908
2311      7980
2312      22908
2313      22944
2314      22980
2315      23010
2316      23040
2317      23070
2318      23100
2319      23130
2320      23160
2321      23220
2322      23280
2323      23340
2324      23400
2325      23460
2326      23790
2327      23832
2328      23880
2329      23910
2330      23940
2331      23970
2332      24000
2333      24030
2334      24060
2335      24090
2336      24120
2337      24150
2338      24180
2339      24210
2340      24240
2341      24270
2342      23880
2343      25980
2344      23784
2345      23826
2346      23868
2347      23904
2348      23940
2349      23976
2350      24012
2351      24060
2352      24090
2353      24120
2354      24768
2355      24804
2356      24240
2357      24300
2358      24336
2359      24372
2360      24408
2361      24444
2362      23460
2363      23652
2364      23688
2365      23724
2366      23760
2367      23796
2368      23832
2369      23868
2370      23904
2371      23940
2372      20460
2373      20520
2374      20580
2375      20640
2376      22332
2377      22368
2378      22404
2379      22440
2380      22476
2381      22512
2382      22386
2383      17040
2384      17100
2385      17160
2386      17208
2387      17280
2388      6120
2389      6156
2390      6192
2391      6228
2392      6264
2393      6300
2394      9780
2395      9900
2396      9960
2397      9996
2398      10032
2399      10068
2400      10104
2401      9510
2402      9552
2403      9594
2404      9636
2405      9960
2406      7422
2407      7464
2408      7506
2409      7560
2410      7596
2411      7632
2412      7668
2413      7704
2414      7740
2415      7800
2416      7860
2417      7920
2418      7968
2419      8016
2420      8064
2421      8112
2422      7260
2423      6780
2424      6840
2425      6900
2426      6960
2427      7020
2428      6312
2429      6348
2430      6384
2431      6420
2432      5760
2433      5862
2434      5904
2435      5946
2436      6000
2437      4680
2438      4740
2439      4800
2440      4920
2441      4980
2442      5040
2443      5100
2444      5142
2445      5184
2446      5226
2447      5280
2448      5370
2449      5520
2450      5580
2451      5616
2452      5652
2453      5688
2454      5724
2455      5760
2456      5796
2457      5832
2458      5868
2459      5904
2460      5940
2461      5988
2462      6036
2463      6084
2464      6132
2465      6180
2466      6240
2467      6300
2468      6360
2469      6402
2470      6444
2471      6486
2472      6528
2473      6570
2474      6612
2475      6654
2476      6780
2477      6780
2478      6840
2479      16860
2480      21780
2481      21690
2482      21720
2483      21750
2484      21900
2485      21930
2486      21960
2487      21990
2488      22020
2489      22050
2490      22080
2491      21480
2492      21522
2493      21564
2494      21606
2495      21648
2496      21690
2497      21732
2498      21774
2499      21816
2500      7494
2501      7560
2502      16668
2503      16716
2504      16764
2505      8220
2506      8280
2507      8340
2508      8376
2509      8412
2510      8448
2511      8484
2512      8520
2513      8580
2514      8640
2515      8700
2516      8760
2517      17400
2518      17460
2519      17520
2520      17580
2521      17640
2522      17700
2523      17760
2524      17820
2525      17880
2526      17922
2527      17964
2528      18006
2529      18060
2530      7452
2531      18180
2532      6540
2533      16860
2534      6672
2535      16980
2536      6804
2537      6870
2538      6960
2539      17268
2540      17316
2541      17364
2542      17412
2543      17460
2544      17502
2545      17544
2546      17586
2547      9840
2548      9882
2549      9924
2550      9966
2551      10020
2552      10068
2553      10116
2554      10164
2555      10212
2556      10260
2557      10320
2558      18144
2559      18186
2560      18228
2561      18270
2562      9120
2563      9180
2564      9216
2565      9252
2566      18468
2567      18504
2568      18540
2569      18576
2570      18612
2571      18648
2572      18684
2573      18720
2574      18780
2575      7560
2576      7590
2577      7620
2578      7650
2579      7680
2580      7710
2581      7740
2582      7770
2583      7800
2584      7860
2585      7920
2586      7260
2587      7320
2588      7416
2589      7464
2590      7500
2591      6600
2592      6180
2593      6240
2594      6300
2595      6360
2596      6420
2597      6456
2598      6492
2599      6528
2600      6564
2601      6600
2602      6660
2603      6690
2604      6720
2605      6750
2606      5880
2607      5460
2608      5520
2609      5580
2610      5640
2611      5700
2612      5748
2613      5796
2614      5844
2615      5892
2616      5940
2617      6000
2618      6048
2619      6096
2620      6144
2621      6192
2622      6060
2623      6108
2624      6156
2625      6204
2626      6252
2627      6300
2628      6348
2629      6420
2630      6000
2631      6048
2632      6096
2633      6144
2634      6192
2635      6240
2636      6318
2637      6396
2638      6480
2639      6528
2640      6576
2641      6624
2642      6672
2643      6720
2644      6822
2645      6864
2646      6906
2647      6960
2648      7008
2649      7056
2650      7104
2651      6720
2652      6840
2653      6876
2654      6912
2655      7440
2656      6960
2657      7518
2658      7596
2659      7680
2660      7728
2661      7776
2662      7824
2663      7872
2664      7920
2665      7980
2666      8040
2667      8100
2668      6720
2669      8220
2670      8268
2671      8316
2672      8364
2673      8412
2674      8460
2675      8520
2676      8580
2677      8640
2678      8688
2679      8736
2680      8784
2681      8832
2682      6420
2683      9876
2684      9948
2685      10056
2686      10188
2687      10236
2688      10284
2689      10332
2690      10380
2691      10428
2692      10500
2693      18480
2694      7848
2695      18576
2696      18612
2697      18648
2698      18684
2699      18720
2700      18756
2701      18792
2702      10980
2703      11046
2704      11112
2705      11178
2706      11244
2707      9492
2708      9540
2709      9696
2710      7512
2711      7548
2712      19500
2713      19560
2714      19620
2715      19680
2716      19740
2717      5652
2718      5700
2719      5748
2720      5796
2721      5844
2722      5892
2723      5934
2724      6000
2725      6072
2726      6144
2727      6216
2728      6288
2729      6960
2730      5100
2731      5160
2732      5340
2733      5280
2734      5580
2735      5640
2736      5700
2737      18606
2738      18648
2739      18690
2740      18732
2741      18780
2742      18840
2743      18900
2744      18960
2745      19020
2746      6816
2747      6684
2748      6732
2749      6960
2750      6840
2751      7128
2752      7176
2753      7224
2754      7272
2755      7440
2756      7500
2757      19716
2758      19752
2759      19788
2760      19824
2761      19860
2762      19896
2763      19932
2764      11292
2765      19512
2766      19548
2767      6120
2768      6162
2769      6204
2770      6246
2771      6288
2772      6330
2773      6372
2774      6414
2775      6480
2776      7380
2777      7920
2778      8160
2779      7716
2780      8232
2781      8268
2782      8304
2783      8340
2784      8376
2785      6348
2786      6420
2787      6468
2788      6516
2789      6564
2790      6612
2791      6660
2792      6708
2793      6780
2794      6864
2795      6906
2796      6948
2797      6990
2798      7380
2799      7440
2800      6636
2801      6672
2802      4380
2803      4452
2804      4524
2805      4596
2806      4680
2807      4740
2808      4848
2809      4932
2810      5016
2811      5100
2812      5178
2813      5256
2814      5340
2815      5388
2816      6012
2817      6060
2818      6120
2819      6180
2820      18000
2821      6780
2822      6852
2823      6924
2824      6378
2825      6456
2826      5700
2827      4920
2828      4980
2829      5040
2830      5400
2831      18780
2832      5640
2833      5706
2834      5772
2835      5838
2836      5904
2837      5970
2838      5760
2839      5820
2840      5880
2841      5940
2842      6000
2843      6060
2844      6120
2845      6168
2846      6216
2847      6264
2848      6312
2849      6360
2850      6408
2851      6456
2852      19860
2853      8100
2854      8736
2855      8772
2856      8808
2857      8844
2858      8880
2859      8916
2860      8952
2861      9000
2862      9042
2863      9084
2864      9126
2865      9168
2866      9210
2867      9252
2868      9300
2869      9336
2870      9372
2871      9408
2872      9444
2873      9480
2874      9516
2875      9552
2876      9588
2877      9624
2878      17880
2879      9732
2880      9804
2881      10140
2882      10206
2883      10272
2884      10338
2885      10404
2886      10470
2887      10536
2888      11040
2889      10680
2890      10740
2891      18744
2892      18792
2893      18840
2894      18888
2895      18960
2896      19020
2897      9060
2898      9108
2899      9156
2900      9204
2901      9252
2902      9300
2903      9348
2904      9396
2905      9444
2906      19680
2907      6924
2908      6966
2909      7008
2910      7050
2911      7092
2912      7134
2913      7176
2914      7218
2915      7260
2916      7302
2917      20940
2918      21000
2919      21060
2920      21102
2921      21144
2922      21186
2923      7692
2924      7740
2925      7788
2926      7836
2927      7920
2928      7980
2929      8040
2930      8100
2931      8160
2932      8220
2933      8280
2934      8358
2935      6732
2936      6804
2937      6876
2938      6948
2939      7020
2940      7056
2941      7092
2942      7128
2943      7164
2944      7200
2945      7236
2946      7272
2947      7308
2948      7380
2949      7422
2950      7464
2951      7506
2952      7548
2953      7590
2954      7632
2955      7674
2956      7740
2957      7770
2958      7800
2959      7830
2960      7860
2961      7890
2962      7920
2963      7950
2964      7980
2965      8010
2966      8040
2967      5640
2968      5760
2969      6060
2970      6138
2971      6216
2972      6300
2973      5196
2974      5400
2975      5400
2976      5460
2977      5520
2978      5580
2979      5640
2980      5700
2981      5940
2982      6000
2983      6060
2984      6150
2985      6240
2986      6330
2987      6420
2988      6450
2989      6372
2990      6960
2991      7020
2992      6408
2993      6444
2994      6480
2995      6600
2996      6564
2997      6588
2998      6612
2999      6636
3000      6660
3001      6684
3002      8100
3003      8142
3004      8184
3005      8226
3006      8280
3007      8328
3008      8376
3009      8424
3010      15960
3011      7560
3012      7620
3013      7680
3014      7740
3015      7800
3016      7860
3017      7920
3018      7200
3019      8028
3020      8076
3021      5880
3022      5940
3023      6000
3024      6060
3025      6240
3026      6276
3027      5028
3028      5064
3029      5580
3030      5280
3031      5340
3032      5460
3033      9540
3034      8280
3035      7080
3036      6840
3037      6924
3038      6966
3039      7008
3040      7050
3041      7092
3042      7140
3043      7140
3044      8916
3045      8964
3046      9012
3047      9060
3048      9108
3049      9180
3050      8022
3051      8070
3052      8112
3053      8160
3054      6120
3055      6168
3056      6240
3057      6300
3058      6390
3059      6480
3060      4920
3061      4998
3062      5076
3063      5160
3064      5190
3065      5220
3066      5250
3067      5280
3068      5160
3069      5280
3070      5520
3071      7560
3072      4896
3073      4980
3074      5040
3075      5100
3076      5160
3077      5196
3078      5232
3079      5280
3080      5340
3081      5430
3082      5520
3083      6522
3084      5556
3085      6606
3086      6648
3087      6690
3088      6732
3089      6780
3090      6846
3091      6912
3092      6978
3093      7044
3094      7110
3095      6060
3096      6108
3097      6156
3098      6204
3099      6252
3100      6300
3101      6336
3102      6540
3103      6960
3104      7020
3105      6300
3106      6396
3107      6492
3108      6600
3109      6576
3110      5748
3111      6540
3112      6210
3113      6660
3114      18516
3115      18588
3116      4500
3117      4560
3118      6480
3119      6540
3120      6600
3121      6660
3122      21510
3123      21540
3124      21600
3125      6072
3126      6144
3127      4896
3128      4932
3129      4968
3130      5004
3131      5040
3132      6900
3133      5640
3134      5700
3135      7080
3136      22320
3137      22380
3138      22440
3139      22500
3140      22560
3141      unreachable
3142      22236
3143      22284
3144      22332
3145      22380
3146      7980
3147      5820
3148      5880
3149      5940
3150      6228
3151      6480
3152      6510
3153      7008
3154      7044
3155      7080
3156      3714
3157      3756
3158      20460
3159      20508
3160      20556
3161      4620
3162      4668
3163      7464
3164      7530
3165      7620
3166      19272
3167      19344
3168      7560
3169      5580
3170      5700
3171      6900
3172      5340
3173      5430
3174      5520
3175      5610
3176      5700
3177      unreachable
3178      15762
3179      15804
3180      15846
3181      15888
3182      15930
3183      15972
3184      16020
3185      16080
3186      5148
3187      5196
3188      5244
3189      5292
3190      5520
3191      4560
3192      5658
3193      5736
3194      5796
3195      4920
3196      4980
3197      5040
3198      5100
3199      5436
3200      5484
3201      5532
3202      5580
3203      5628
3204      5676
3205      5724
3206      5772
3207      5820
3208      5796
3209      17700
3210      18060
3211      18120
3212      18180
3213      18240
3214      18300
3215      18360
3216      18420
3217      18468
3218      18516
3219      18564
3220      18612
3221      7404
3222      7452
3223      7500
3224      17640
3225      17700
3226      17760
3227      17808
3228      17856
3229      17904
3230      17952
3231      18000
3232      18060
3233      18120
3234      18180
3235      18240
3236      18300
3237      18360
3238      18420
3239      18480
3240      18540
3241      18480
3242      18600
3243      18720
3244      unreachable
3245      unreachable
3246      unreachable
3247      unreachable
3248      unreachable
3249      unreachable
3250      unreachable
3251      19740
3252      19770
3253      19812
3254      19860
3255      19968
3256      20016
3257      20064
3258      20112
3259      20160
3260      20196
3261      20232
3262      20280
3263      20340
3264      17016
3265      20436
3266      20484
3267      20532
3268      20580
3269      20640
3270      20676
3271      20712
3272      20748
3273      20784
3274      20820
3275      20898
3276      20976
3277      21060
3278      8940
3279      8976
3280      9012
3281      9048
3282      9084
3283      21600
3284      21660
3285      7320
3286      7350
3287      7380
3288      21900
3289      21960
3290      22020
3291      21300
3292      22260
3293      22320
3294      22380
3295      21792
3296      8700
3297      16620
3298      19320
3299      21120
3300      21180
3301      21240
3302      21420
3303      21486
3304      21552
3305      21618
3306      21684
3307      21750
3308      18666
3309      18708
3310      18750
3311      7632
3312      7668
3313      7704
3314      7740
3315      22200
3316      8820
3317      8862
3318      8904
3319      8946
3320      9792
3321      10380
3322      10440
3323      10500
3324      10536
3325      10572
3326      10608
3327      10644
3328      10680
3329      10716
3330      9480
3331      10800
3332      10860
3333      10920
3334      10980
3335      11040
3336      11244
3337      11286
3338      11328
3339      11412
3340      11454
3341      11520
3342      11568
3343      11616
3344      11664
3345      11712
3346      11760
3347      19260
3348      19320
3349      19380
3350      19440
3351      19500
3352      7380
3353      7452
3354      7524
3355      7596
3356      7668
3357      20400
3358      20520
3359      20580
3360      20640
3361      20700
3362      18210
3363      18240
3364      18300
3365      18360
3366      18420
3367      6660
3368      6720
3369      6768
3370      6816
3371      6864
3372      6912
3373      6960
3374      8760
3375      8802
3376      8844
3377      8970
3378      9012
3379      7380
3380      7440
3381      7500
3382      7560
3383      7620
3384      6840
3385      6870
3386      6900
3387      7788
3388      7824
3389      7860
3390      7896
3391      7932
3392      7968
3393      8040
3394      8100
3395      8160
3396      7608
3397      7656
3398      7704
3399      7752
3400      10620
3401      10800
3402      10860
3403      10920
3404      7584
3405      7620
3406      6540
3407      6588
3408      7548
3409      7596
3410      7644
3411      7320
3412      6648
3413      4344
3414      4410
3415      4476
3416      4740
3417      4860
3418      4980
3419      5070
3420      5340
3421      6300
3422      6480
3423      6450
3424      6600
3425      5970
3426      6060
3427      6180
3428      5760
3429      5460
3430      21060
3431      21708
3432      21756
3433      21804
3434      21852
3435      21900
3436      21948
3437      21996
3438      22044
3439      22092
3440      22140
3441      22200
3442      22248
3443      22296
3444      20280
3445      20340
3446      20400
3447      18360
3448      18720
3449      18762
3450      18810
3451      18852
3452      18900
3453      18942
3454      18990
3455      19032
3456      7944
3457      17700
3458      17748
3459      17802
3460      17850
3461      17904
3462      17952
3463      18006
3464      7980
3465      8748
3466      8796
3467      8844
3468      8892
3469      22464
3470      22512
3471      22560
3472      21780
3473      21822
3474      21864
3475      21906
3476      21948
3477      19824
3478      9720
3479      20700
3480      9870
3481      9960
3482      unreachable
3483      6900
3484      7008
3485      7056
3486      7104
3487      7152
3488      7200
3489      7230
3490      7260
3491      7800
3492      7836
3493      7872
3494      7908
3495      7944
3496      19320
3497      19368
3498      19416
3499      19464
3500      19512
3501      19560
3502      19608
3503      19680
3504      19800
3505      19788
3506      19836
3507      19884
3508      19932
3509      20010
3510      20052
3511      20094
3512      20160
3513      8280
3514      8316
3515      8352
3516      8388
3517      8424
3518      8460
3519      8490
3520      8520
3521      8550
3522      20652
3523      20700
3524      20760
3525      20820
3526      20880
3527      20940
3528      21000
3529      16620
3530      18354
3531      18408
3532      17124
3533      17340
3534      17376
3535      17412
3536      17448
3537      17484
3538      17520
3539      17580
3540      9360
3541      9420
3542      7038
3543      7116
3544      7200
3545      7242
3546      7284
3547      7326
3548      7368
3549      7410
3550      18456
3551      18492
3552      18528
3553      18564
3554      18600
3555      18636
3556      18672
3557      18720
3558      18780
3559      18840
3560      18900
3561      18948
3562      18996
3563      19044
3564      19092
3565      19140
3566      19188
3567      19236
3568      19284
3569      19380
3570      19200
3571      19248
3572      19296
3573      19344
3574      19392
3575      19632
3576      19680
3577      5916
3578      5964
3579      6060
3580      9960
3581      9120
3582      10116
3583      17820
3584      17868
3585      10320
3586      10380
3587      10440
3588      10500
3589      10560
3590      18540
3591      18588
3592      18636
3593      18684
3594      18732
3595      18780
3596      18828
3597      18876
3598      18960
3599      19020
3600      19080
3601      19140
3602      19176
3603      19212
3604      19248
3605      18954
3606      18996
3607      19038
3608      19080
3609      7548
3610      7590
3611      7632
3612      7674
3613      7716
3614      7758
3615      7800
3616      7842
3617      7884
3618      7926
3619      7980
3620      6876
3621      6912
3622      6960
3623      7008
3624      7056
3625      7104
3626      7152
3627      7200
3628      7260
3629      18672
3630      18720
3631      18768
3632      23400
3633      7560
3634      7620
3635      21108
3636      21144
3637      21180
3638      21240
3639      21270
3640      21300
3641      21330
3642      21360
3643      21390
3644      21420
3645      21480
3646      21516
3647      21552
3648      21588
3649      21624
3650      21660
3651      21150
3652      21720
3653      21750
3654      21780
3655      21930
3656      21960
3657      21990
3658      22020
3659      22050
3660      22080
3661      20160
3662      20448
3663      20496
3664      20544
3665      20220
3666      20280
3667      20322
3668      20364
3669      20406
3670      22500
3671      7080
3672      7116
3673      7152
3674      7188
3675      7224
3676      7260
3677      7320
3678      7350
3679      7380
3680      7410
3681      7440
3682      7470
3683      7500
3684      22608
3685      22650
3686      22560
3687      22680
3688      22788
3689      22836
3690      22884
3691      22932
3692      22980
3693      23016
3694      23052
3695      23088
3696      23124
3697      23160
3698      22788
3699      23250
3700      23280
3701      23310
3702      22080
3703      22116
3704      7620
3705      8130
3706      8160
3707      8610
3708      8694
3709      8736
3710      7920
3711      7968
3712      8016
3713      8064
3714      8112
3715      9060
3716      9120
3717      9180
3718      9240
3719      9300
3720      9360
3721      9420
3722      9480
3723      9540
3724      9600
3725      9660
3726      9720
3727      9780
3728      9840
3729      9018
3730      10200
3731      10260
3732      6222
3733      6264
3734      6306
3735      6348
3736      6390
3737      6432
3738      7296
3739      7332
3740      7368
3741      7404
3742      7440
3743      7476
3744      7512
3745      7560
3746      unreachable
3747      unreachable
3748      unreachable
3749      unreachable
3750      unreachable
3751      unreachable
3752      unreachable
3753      23730
3754      17688
3755      17850
3756      17880
3757      17910
3758      17940
3759      17970
3760      18000
3761      18912
3762      18960
3763      6342
3764      7392
3765      7464
3766      7536
3767      7608
3768      7680
3769      7722
3770      7764
3771      7806
3772      7848
3773      7890
3774      7932
3775      7974
3776      8016
3777      7080
3778      8484
3779      7158
3780      7188
3781      unreachable
3782      7476
3783      8532
3784      7680
3785      8934
3786      9000
3787      9048
3788      6960
3789      6696
3790      6744
3791      6792
3792      6840
3793      4560
3794      4644
3795      4728
3796      4980
3797      4740
3798      4800
3799      4836
3800      4872
3801      5280
3802      5352
3803      5400
3804      unreachable
3805      unreachable
3806      unreachable
3807      5820
3808      5880
3809      5940
3810      6078
3811      6156
3812      4680
3813      4770
3814      4860
3815      5508
3816      5556
3817      5604
3818      5652
3819      5700
3820      6636
3821      6780
3822      7560
3823      4836
3824      4872
3825      5304
3826      7680
3827      8520
3828      8796
3829      8844
3830      8892
3831      8940
3832      8988
3833      6882
3834      7380
3835      7416
3836      7452
3837      7488
3838      7524
3839      7560
3840      7596
3841      7632
3842      unreachable
3843      unreachable
3844      18750
3845      7320
3846      7350
3847      7380
3848      7410
3849      7440
3850      7476
3851      7512
3852      7560
3853      7590
3854      7620
3855      7650
3856      7680
3857      7716
3858      7752
3859      7788
3860      7824
3861      7860
3862      6096
3863      6132
3864      6180
3865      6216
3866      6252
3867      6288
3868      6324
3869      6360
3870      6396
3871      6432
3872      6468
3873      5580
3874      5802
3875      5844
3876      5886
3877      5580
3878      unreachable
3879      5220
3880      16020
3881      16080
3882      5628
3883      5832
3884      5880
3885      5940
3886      5988
3887      6036
3888      6084
3889      6180
3890      6240
3891      6300
3892      6360
3893      6390
3894      6420
3895      6450
3896      6480
3897      6510
3898      6540
3899      6570
3900      6600
3901      6636
3902      6672
3903      6720
3904      6744
3905      6768
3906      6792
3907      6816
3908      6840
3909      17760
3910      17832
3911      17880
3912      7752
3913      7800
3914      8580
3915      8640
3916      8700
3917      8760
3918      8820
3919      8880
3920      5340
3921      5370
3922      5400
3923      5430
3924      5460
3925      5490
3926      5520
3927      5550
3928      5580
3929      5640
3930      5682
3931      5724
3932      5766
3933      5808
3934      5850
3935      5892
3936      5934
3937      6240
3938      7086
3939      7152
3940      6144
3941      6216
3942      6288
3943      6360
3944      6576
3945      6612
3946      6648
3947      6684
3948      6690
3949      6732
3950      6792
3951      6828
3952      6900
3953      6240
3954      6300
3955      5412
3956      5460
3957      5508
3958      5556
3959      5604
3960      6432
3961      6486
3962      16656
3963      16740
3964      16788
3965      16836
3966      16884
3967      16932
3968      16980
3969      17028
3970      17076
3971      17124
3972      17172
3973      17220
3974      6720
3975      6756
3976      6792
3977      6828
3978      6864
3979      6900
3980      6936
3981      6972
3982      7008
3983      7080
3984      7128
3985      7176
3986      9720
3987      9756
3988      9792
3989      9828
3990      9864
3991      9900
3992      9936
3993      9972
3994      10008
3995      10080
3996      17142
3997      17184
3998      17226
3999      6420
4000      17568
4001      17604
4002      17640
4003      17700
4004      6222
4005      6264
4006      6306
4007      6348
4008      6390
4009      6432
4010      6474
4011      6516
4012      6558
4013      6840
4014      unreachable
4015      unreachable
4016      18846
4017      16980
4018      17052
4019      17088
4020      17160
4021      17196
4022      17232
4023      17268
4024      17304
4025      17340
4026      17376
4027      18816
4028      18384
4029      18432
4030      18480
4031      18528
4032      18576
4033      18624
4034      7308
4035      7356
4036      19560
4037      19686
4038      19728
4039      19920
4040      19980
4041      9000
4042      9042
4043      9084
4044      9126
4045      9168
4046      9210
4047      9252
4048      9294
4049      9480
4050      9510
4051      7200
4052      7260
4053      7320
4054      7380
4055      7440
4056      7500
4057      7560
4058      6600
4059      6660
4060      6744
4061      6816
4062      6960
4063      5124
4064      5196
4065      5268
4066      5340
4067      5580
4068      5640
4069      5700
4070      5760
4071      5820
4072      5880
4073      5940
4074      6000
4075      7140
4076      7200
4077      7260
4078      7320
4079      7380
4080      7440
4081      7500
4082      7560
4083      6480
4084      6516
4085      6552
4086      6588
4087      6624
4088      6660
4089      6696
4090      6732
4091      19710
4092      21588
4093      21630
4094      21672
4095      21714
4096      21756
4097      21840
4098      unreachable
4099      unreachable
4100      unreachable
4101      unreachable
4102      20370
4103      20400
4104      20430
4105      20460
4106      20520
4107      20568
4108      20616
4109      20664
4110      20712
4111      17640
4112      17664
4113      20820
4114      5100
4115      5256
4116      5352
4117      5460
4118      5556
4119      5652
4120      5748
4121      5844
4122      5940
4123      6000
4124      6060
4125      6120
4126      6108
4127      6984
4128      6900
4129      6960
4130      7020
4131      6978
4132      7056
4133      7140
4134      7140
4135      7140
4136      unreachable
4137      30072
4138      30300
4139      30360
4140      30420
4141      30480
4142      24720
4143      25272
4144      27156
4145      27204
4146      27252
4147      27300
4148      27348
4149      27420
4150      27462
4151      27504
4152      27546
4153      27600
4154      27720
4155      27840
4156      27906
4157      27972
4158      28038
4159      28104
4160      28170
4161      28260
4162      28320
4163      28380
4164      28458
4165      28524
4166      28590
4167      28656
4168      28740
4169      28812
4170      28884
4171      28956
4172      21840
4173      21900
4174      21960
4175      22020
4176      22080
4177      22140
4178      9660
4179      19512
4180      19578
4181      17178
4182      10656
4183      20460
4184      19440
4185      21540
4186      21588
4187      21636
4188      21684
4189      21732
4190      21780
4191      21912
4192      21984
4193      22056
4194      22140
4195      22206
4196      22272
4197      22338
4198      22404
4199      22356
4200      22398
4201      22464
4202      25068
4203      25116
4204      25164
4205      25212
4206      25260
4207      25308
4208      25380
4209      25470
4210      25560
4211      25620
4212      25680
4213      25740
4214      25800
4215      25860
4216      25920
4217      25980
4218      26040
4219      26100
4220      26160
4221      22260
4222      24750
4223      24840
4224      20820
4225      20880
4226      8820
4227      8850
4228      8880
4229      8910
4230      8940
4231      6960
4232      7080
4233      7140
4234      7260
4235      6720
4236      7308
4237      7356
4238      7404
4239      7452
4240      5442
4241      5484
4242      5640
4243      5700
4244      5760
4245      5820
4246      5940
4247      5940
4248      6000
4249      3840
4250      3888
4251      3936
4252      3984
4253      4032
4254      4140
4255      4200
4256      4260
4257      4320
4258      5172
4259      5244
4260      5460
4261      5460
4262      5556
4263      5640
4264      5760
4265      5820
4266      5880
4267      5940
4268      18960
4269      22860
4270      8220
4271      8262
4272      8304
4273      19680
4274      19740
4275      19800
4276      19248
4277      19920
4278      19980
4279      20028
4280      20076
4281      20124
4282      20172
4283      20220
4284      20268
4285      20340
4286      19404
4287      19476
4288      19548
4289      19620
4290      19668
4291      19716
4292      19764
4293      19812
4294      19860
4295      6960
4296      6996
4297      20820
4298      20880
4299      20940
4300      8418
4301      8448
4302      8484
4303      17352
4304      6840
4305      21300
4306      21360
4307      21420
4308      21480
4309      20280
4310      19560
4311      20100
4312      20232
4313      20298
4314      20364
4315      6870
4316      19470
4317      17820
4318      17880
4319      17940
4320      18000
4321      18060
4322      18120
4323      18156
4324      18192
4325      18228
4326      18264
4327      20160
4328      20208
4329      20256
4330      20304
4331      20352
4332      20400
4333      20448
4334      20520
4335      20568
4336      20616
4337      20664
4338      20712
4339      20760
4340      20808
4341      17988
4342      18024
4343      21000
4344      6600
4345      6936
4346      6972
4347      7008
4348      7044
4349      7080
4350      7116
4351      7152
4352      7188
4353      7224
4354      7260
4355      7296
4356      7380
4357      7410
4358      7440
4359      7470
4360      7500
4361      7530
4362      7560
4363      7620
4364      7650
4365      7680
4366      7710
4367      7740
4368      7770
4369      7644
4370      7848
4371      7896
4372      7944
4373      7992
4374      8040
4375      6492
4376      6528
4377      6600
4378      4008
4379      4080
4380      4122
4381      4164
4382      4206
4383      4248
4384      4290
4385      4332
4386      4374
4387      4440
4388      5220
4389      5340
4390      5370
4391      5400
4392      6060
4393      4818
4394      5526
4395      5160
4396      5640
4397      5412
4398      5760
4399      5496
4400      5580
4401      5892
4402      5940
4403      4428
4404      5076
4405      5124
4406      5172
4407      5220
4408      5268
4409      5316
4410      5358
4411      5400
4412      5460
4413      5496
4414      5532
4415      5568
4416      5604
4417      5640
4418      5676
4419      5712
4420      5748
4421      5784
4422      5820
4423      5880
4424      5916
4425      5952
4426      5988
4427      6024
4428      6060
4429      6096
4430      6132
4431      6168
4432      6204
4433      6240
4434      6276
4435      6312
4436      6420
4437      20232
4438      20280
4439      20328
4440      20724
4441      20928
4442      20964
4443      21000
4444      21036
4445      21072
4446      21120
4447      21180
4448      21210
4449      21240
4450      21270
4451      21300
4452      18360
4453      18420
4454      18480
4455      18540
4456      18600
4457      21636
4458      21672
4459      21708
4460      21744
4461      21780
4462      18660
4463      18708
4464      21936
4465      21984
4466      22032
4467      22080
4468      22128
4469      22200
4470      unreachable
4471      unreachable
4472      unreachable
4473      unreachable
4474      unreachable
4475      unreachable
4476      21600
4477      21660
4478      22032
4479      22068
4480      22104
4481      22140
4482      21840
4483      22278
4484      22356
4485      22440
4486      22476
4487      22512
4488      22548
4489      22512
4490      22722
4491      22764
4492      22806
4493      22848
4494      22890
4495      20880
4496      21288
4497      21336
4498      21384
4499      unreachable
4500      19740
4501      20340
4502      19860
4503      20460
4504      20520
4505      20580
4506      20640
4507      20652
4508      20664
4509      19476
4510      19440
4511      19800
4512      19812
4513      19824
4514      19836
4515      8724
4516      8766
4517      16776
4518      16860
4519      16896
4520      16932
4521      16968
4522      17004
4523      17040
4524      7920
4525      17166
4526      17232
4527      17298
4528      17364
4529      17430
4530      17520
4531      unreachable
4532      unreachable
4533      unreachable
4534      unreachable
4535      unreachable
4536      18840
4537      18900
4538      18960
4539      19020
4540      19056
4541      19092
4542      19128
4543      7800
4544      7836
4545      7872
4546      19368
4547      19404
4548      19512
4549      19548
4550      19620
4551      19668
4552      19716
4553      19764
4554      19812
4555      19932
4556      20004
4557      19530
4558      7980
4559      22260
4560      5400
4561      18084
4562      18126
4563      18168
4564      18210
4565      15570
4566      15624
4567      15678
4568      15732
4569      15786
4570      6636
4571      6672
4572      6708
4573      6744
4574      6780
4575      6816
4576      6852
4577      15000
4578      15030
4579      15060
4580      15090
4581      15120
4582      15156
4583      15192
4584      15228
4585      15264
4586      15300
4587      15342
4588      19296
4589      19344
4590      19392
4591      6660
4592      6696
4593      6732
4594      6780
4595      19560
4596      19596
4597      19686
4598      19740
4599      19782
4600      19824
4601      19866
4602      19908
4603      19950
4604      6900
4605      6930
4606      6960
4607      7020
4608      7062
4609      7104
4610      7146
4611      7188
4612      7230
4613      7272
4614      10020
4615      10218
4616      9420
4617      8592
4618      6570
4619      18240
4620      18300
4621      18360
4622      18420
4623      18480
4624      18540
4625      18600
4626      18648
4627      18696
4628      18744
4629      18792
4630      18840
4631      18888
4632      18936
4633      18984
4634      19080
4635      19116
4636      19152
4637      19188
4638      19224
4639      19260
4640      19296
4641      19332
4642      19380
4643      19416
4644      19452
4645      19488
4646      19524
4647      13290
4648      13320
4649      13344
4650      13368
4651      13392
4652      13416
4653      13440
4654      13464
4655      13500
4656      13542
4657      13584
4658      13626
4659      13680
4660      7650
4661      7680
4662      7710
4663      7740
4664      7770
4665      7800
4666      16350
4667      16380
4668      16410
4669      16440
4670      16470
4671      16500
4672      19164
4673      19236
4674      19308
4675      18720
4676      20700
4677      22980
4678      5580
4679      5760
4680      5820
4681      6312
4682      6348
4683      6384
4684      6420
4685      7884
4686      7908
4687      15900
4688      15936
4689      15972
4690      16008
4691      16044
4692      18600
4693      18660
4694      18720
4695      18780
4696      18840
4697      18876
4698      18912
4699      18948
4700      18984
4701      19020
4702      19056
4703      19092
4704      19128
4705      6660
4706      17580
4707      17670
4708      17760
4709      17838
4710      17916
4711      17994
4712      18072
4713      18150
4714      18240
4715      18300
4716      18360
4717      18420
4718      18480
4719      18540
4720      18900
4721      15996
4722      16044
4723      16092
4724      16140
4725      16200
4726      6516
4727      6540
4728      19248
4729      19296
4730      19344
4731      19392
4732      7908
4733      7944
4734      5760
4735      3720
4736      19800
4737      20136
4738      20172
4739      6810
4740      6840
4741      6870
4742      10740
4743      11082
4744      11124
4745      11166
4746      11208
4747      11250
4748      unreachable
4749      7896
4750      7944
4751      7992
4752      8040
4753      9600
4754      8496
4755      19212
4756      19260
4757      19704
4758      19740
4759      21540
4760      20700
4761      20760
4762      19620
4763      19980
4764      20040
4765      20100
4766      20160
4767      20202
4768      20244
4769      20286
4770      20328
4771      20370
4772      20412
4773      20460
4774      20508
4775      20556
4776      20604
4777      20652
4778      20700
4779      20748
4780      20796
4781      20976
4782      21012
4783      21048
4784      21084
4785      21120
4786      21180
4787      7944
4788      21252
4789      21288
4790      21324
4791      9288
4792      9324
4793      9360
4794      9396
4795      9432
4796      9468
4797      9540
4798      9576
4799      9612
4800      9648
4801      9684
4802      6996
4803      7032
4804      7068
4805      7104
4806      7140
4807      7200
4808      7242
4809      7284
4810      7326
4811      7368
4812      7410
4813      7452
4814      19740
4815      19800
4816      9036
4817      9072
4818      7140
4819      7158
4820      7176
4821      7194
4822      7212
4823      7230
4824      20208
4825      20256
4826      20304
4827      20352
4828      20400
4829      20448
4830      20496
4831      20544
4832      20592
4833      20640
4834      20676
4835      20712
4836      20748
4837      20784
4838      20820
4839      20856
4840      20892
4841      20940
4842      21000
4843      21060
4844      19800
4845      21240
4846      21300
4847      unreachable
4848      17700
4849      18000
4850      18060
4851      18120
4852      18180
4853      18240
4854      18288
4855      18336
4856      18384
4857      7080
4858      6720
4859      6660
4860      6720
4861      6780
4862      6840
4863      6900
4864      6960
4865      7020
4866      7080
4867      7140
4868      7398
4869      5520
4870      5760
4871      6420
4872      5520
4873      5616
4874      5676
4875      5724
4876      5772
4877      5712
4878      5820
4879      5424
4880      6540
4881      6726
4882      6768
4883      6810
4884      6852
4885      6894
4886      6960
4887      7032
4888      7104
4889      7176
4890      7260
4891      7338
4892      7740
4893      7800
4894      5928
4895      5970
4896      6012
4897      6054
4898      6096
4899      6138
4900      6180
4901      5220
4902      4680
4903      4800
4904      4926
4905      4968
4906      5010
4907      5052
4908      5094
4909      5136
4910      5178
4911      5370
4912      5460
4913      28740
4914      5760
4915      5820
4916      5880
4917      5940
4918      6000
4919      6060
4920      6120
4921      21060
4922      21102
4923      21144
4924      21186
4925      21228
4926      21270
4927      21312
4928      21522
4929      21576
4930      21630
4931      21684
4932      21738
4933      5580
4934      5610
4935      5640
4936      5670
4937      5700
4938      5730
4939      5760
4940      5820
4941      22116
4942      22152
4943      22188
4944      6324
4945      6348
4946      6372
4947      6396
4948      6420
4949      18900
4950      18960
4951      unreachable
4952      7980
4953      8004
4954      8028
4955      8052
4956      8076
4957      20136
4958      20184
4959      20232
4960      10836
4961      10872
4962      10908
4963      10944
4964      10980
4965      11040
4966      20724
4967      20790
4968      20856
4969      19140
4970      17220
4971      17280
4972      17340
4973      17400
4974      17460
4975      17520
4976      9360
4977      9420
4978      9480
4979      9522
4980      9564
4981      9606
4982      9648
4983      9690
4984      7320
4985      7368
4986      7416
4987      7464
4988      7512
4989      7560
4990      7608
4991      7656
4992      7704
4993      7800
4994      7020
4995      11340
4996      11388
4997      11436
4998      11484
4999      11532
5000      11580
5001      11628
5002      11676
5003      11724
5004      11820
5005      6660
5006      6702
5007      6744
5008      6786
5009      6828
5010      6870
5011      6912
5012      6954
5013      7020
5014      7080
5015      7140
5016      7200
5017      7260
5018      7320
5019      7380
5020      20580
5021      5280
5022      6540
5023      6582
5024      6660
5025      6720
5026      6780
5027      6840
5028      6900
5029      6948
5030      6996
5031      7044
5032      7092
5033      7140
5034      7188
5035      7380
5036      7440
5037      unreachable
5038      5676
5039      5724
5040      5772
5041      5820
5042      6096
5043      6132
5044      6168
5045      6204
5046      6240
5047      6300
5048      6360
5049      5808
5050      5856
5051      5904
5052      5952
5053      6000
5054      7500
5055      6702
5056      6744
5057      6786
5058      6828
5059      6870
5060      6912
5061      6960
5062      7020
5063      7080
5064      7116
5065      7152
5066      7188
5067      7224
5068      7260
5069      7308
5070      7356
5071      7404
5072      17880
5073      unreachable
5074      unreachable
5075      unreachable
5076      unreachable
5077      unreachable
5078      18636
5079      18672
5080      18708
5081      18744
5082      18780
5083      21960
5084      21990
5085      22020
5086      22050
5087      22440
5088      unreachable
5089      10740
5090      10788
5091      10836
5092      10884
5093      10932
5094      10980
5095      11028
5096      11076
5097      11160
5098      11214
5099      11268
5100      11322
5101      11376
5102      11430
5103      11484
5104      11538
5105      11592
5106      11646
5107      8160
5108      8220
5109      8280
5110      8340
5111      8400
5112      8460
5113      8508
5114      8556
5115      7980
5116      8028
5117      8280
5118      8310
5119      8820
5120      8880
5121      8940
5122      9000
5123      21516
5124      8664
5125      8700
5126      6420
5127      6480
5128      6540
5129      6600
5130      6636
5131      6672
5132      6708
5133      6744
5134      8574
5135      8628
5136      8682
5137      8736
5138      8790
5139      8844
5140      8898
5141      8952
5142      9006
5143      9060
5144      9108
5145      9156
5146      9204
5147      9252
5148      9300
5149      9348
5150      unreachable
5151      18600
5152      18660
5153      20580
5154      21030
5155      21078
5156      21120
5157      21162
5158      21204
5159      21246
5160      21300
5161      21360
5162      21420
5163      21480
5164      21540
5165      21600
5166      21660
5167      21702
5168      21750
5169      21792
5170      21840
5171      21900
5172      21960
5173      21948
5174      21990
5175      22032
5176      22176
5177      22224
5178      22272
5179      22320
5180      22374
5181      22422
5182      22620
5183      17556
5184      17610
5185      17664
5186      17718
5187      17766
5188      17820
5189      17880
5190      17922
5191      17970
5192      18012
5193      18060
5194      18108
5195      18156
5196      18204
5197      18252
5198      18300
5199      18372
5200      18444
5201      18516
5202      18588
5203      18660
5204      18702
5205      18744
5206      18786
5207      18828
5208      18870
5209      18912
5210      18540
5211      18588
5212      19500
5213      unreachable
5214      unreachable
5215      unreachable
5216      unreachable
5217      unreachable
5218      20460
5219      20520
5220      20568
5221      8124
5222      8568
5223      8604
5224      8640
5225      8682
5226      9588
5227      9636
5228      9684
5229      9732
5230      9780
5231      20220
5232      6540
5233      6624
5234      6666
5235      6708
5236      6750
5237      6792
5238      6834
5239      7908
5240      7944
5241      7980
5242      8028
5243      8076
5244      18204
5245      8172
5246      8220
5247      8580
5248      8610
5249      8640
5250      8700
5251      8820
5252      unreachable
5253      21156
5254      21936
5255      21984
5256      22032
5257      22080
5258      22140
5259      19104
5260      19140
5261      19200
5262      19230
5263      19260
5264      19290
5265      19320
5266      20070
5267      20112
5268      20154
5269      16560
5270      19602
5271      19644
5272      19686
5273      19728
5274      19770
5275      19812
5276      19854
5277      19896
5278      19980
5279      20040
5280      20100
5281      20148
5282      20196
5283      20244
5284      7860
5285      7908
5286      20400
5287      20496
5288      20592
5289      20700
5290      19788
5291      20880
5292      unreachable
5293      21030
5294      21060
5295      21300
5296      21360
5297      21420
5298      21480
5299      20436
5300      20472
5301      20508
5302      20544
5303      21732
5304      19020
5305      20340
5306      20376
5307      20508
5308      20556
5309      20604
5310      20652
5311      20700
5312      20748
5313      20796
5314      21396
5315      21444
5316      19776
5317      20250
5318      20292
5319      20340
5320      20376
5321      20412
5322      21780
5323      21822
5324      21864
5325      21906
5326      21948
5327      21144
5328      21186
5329      18060
5330      unreachable
5331      22890
5332      22932
5333      22974
5334      23352
5335      23400
5336      23448
5337      8160
5338      23580
5339      23640
5340      23700
5341      23760
5342      23820
5343      23880
5344      23940
5345      24000
5346      22746
5347      22800
5348      22878
5349      22956
5350      24240
5351      24336
5352      24432
5353      24540
5354      24912
5355      24984
5356      25056
5357      25140
5358      23490
5359      23580
5360      23640
5361      24036
5362      24084
5363      24132
5364      24180
5365      24228
5366      24276
5367      24324
5368      24420
5369      24462
5370      24504
5371      24546
5372      24588
5373      23088
5374      23124
5375      23160
5376      20700
5377      unreachable
5378      21480
5379      21540
5380      21780
5381      21810
5382      23160
5383      23202
5384      23250
5385      23292
5386      23340
5387      23400
5388      19740
5389      19800
5390      19860
5391      20160
5392      20220
5393      8040
5394      8100
5395      18240
5396      18300
5397      18660
5398      18720
5399      18756
5400      18804
5401      18852
5402      18900
5403      17400
5404      17460
5405      17520
5406      18600
5407      7440
5408      20220
5409      30420
5410      57630
5411      57660
5412      57690
5413      23040
5414      23700
5415      23760
5416      23820
5417      23880
5418      23940
5419      24030
5420      20736
5421      21780
5422      21840
5423      19980
5424      20268
5425      20316
5426      21330
5427      21378
5428      21426
5429      21480
5430      20736
5431      20772
5432      20808
5433      7536
5434      7578
5435      19164
5436      19842
5437      19890
5438      19932
5439      19980
5440      20022
5441      20070
5442      21300
5443      21348
5444      21402
5445      21450
5446      21204
5447      21252
5448      22116
5449      22170
5450      22218
5451      20352
5452      20400
5453      22380
5454      22440
5455      22500
5456      22548
5457      22596
5458      22650
5459      22698
5460      30342
5461      30384
5462      30426
5463      unreachable
5464      unreachable
5465      unreachable
5466      unreachable
5467      unreachable
5468      unreachable
5469      unreachable
5470      unreachable
5471      unreachable
5472      unreachable
5473      unreachable
5474      unreachable
5475      unreachable
5476      20280
5477      20640
5478      20700
5479      20760
5480      20820
5481      20880
5482      20940
5483      21000
5484      21060
5485      21096
5486      21132
5487      21168
5488      21204
5489      21240
5490      24780
5491      25548
5492      25560
5493      25572
5494      24618
5495      24744
5496      21030
5497      21060
5498      21090
5499      21120
5500      21150
5501      7560
5502      7620
5503      7680
5504      21300
5505      21372
5506      21450
5507      22080
5508      22110
5509      22140
5510      22164
5511      22188
5512      22218
5513      22296
5514      23256
5515      23298
5516      23364
5517      23388
5518      23436
5519      7440
5520      23952
5521      24030
5522      24180
5523      17760
5524      17820
5525      17880
5526      24300
5527      24330
5528      24390
5529      24420
5530      24450
5531      24600
5532      24636
5533      24660
5534      24720
5535      17580
5536      17640
5537      17700
5538      17760
5539      17826
5540      17892
5541      17958
5542      18024
5543      18090
5544      5760
5545      5796
5546      5832
5547      5868
5548      5904
5549      5940
5550      5976
5551      6012
5552      6048
5553      6768
5554      5280
5555      5340
5556      5400
5557      5478
5558      5556
5559      19800
5560      20940
5561      21000
5562      21060
5563      21120
5564      21180
5565      21240
5566      20796
5567      20832
5568      20868
5569      20904
5570      22140
5571      16260
5572      16320
5573      16440
5574      8988
5575      9030
5576      9072
5577      9120
5578      8628
5579      8676
5580      8724
5581      8772
5582      8820
5583      18240
5584      18300
5585      18360
5586      18420
5587      18480
5588      18522
5589      18564
5590      18606
5591      9672
5592      9720
5593      9762
5594      18780
5595      18810
5596      18840
5597      18870
5598      18900
5599      18930
5600      18960
5601      18990
5602      17592
5603      17628
5604      17664
5605      17700
5606      17760
5607      6192
5608      6234
5609      6276
5610      6318
5611      6360
5612      6402
5613      6444
5614      6270
5615      6300
5616      19560
5617      28680
5618      9528
5619      9576
5620      9624
5621      9672
5622      9720
5623      9768
5624      9816
5625      18360
5626      18396
5627      18432
5628      17124
5629      18522
5630      18564
5631      18606
5632      18648
5633      18690
5634      18732
5635      18774
5636      18816
5637      18900
5638      5400
5639      19044
5640      19116
5641      19188
5642      19260
5643      19320
5644      19380
5645      19440
5646      18720
5647      18810
5648      19644
5649      6030
5650      6060
5651      6120
5652      6180
5653      6240
5654      20100
5655      16206
5656      20280
5657      unreachable
5658      unreachable
5659      24060
5660      21222
5661      21264
5662      21306
5663      21348
5664      21390
5665      21432
5666      21474
5667      22038
5668      22152
5669      22188
5670      22224
5671      22260
5672      7290
5673      7410
5674      7440
5675      7470
5676      7500
5677      7530
5678      7656
5679      7692
5680      7728
5681      7764
5682      7800
5683      7836
5684      7872
5685      7908
5686      17610
5687      10860
5688      10920
5689      10980
5690      11040
5691      9342
5692      9384
5693      9426
5694      9468
5695      7128
5696      7212
5697      7254
5698      7320
5699      7362
5700      6720
5701      5040
5702      5244
5703      5286
5704      5340
5705      5376
5706      5412
5707      6888
5708      6936
5709      6984
5710      7032
5711      7140
5712      7200
5713      7260
5714      7740
5715      7830
5716      unreachable
5717      22716
5718      22764
5719      22812
5720      19560
5721      22908
5722      22980
5723      23040
5724      23100
5725      23160
5726      23190
5727      23658
5728      23676
5729      23700
5730      23760
5731      23820
5732      23880
5733      23940
5734      24000
5735      24030
5736      24060
5737      23496
5738      23544
5739      23592
5740      23640
5741      23682
5742      23730
5743      23760
5744      23790
5745      24324
5746      24372
5747      24540
5748      24570
5749      20664
5750      20736
5751      24720
5752      24750
5753      20112
5754      20160
5755      20202
5756      20250
5757      20292
5758      20340
5759      20376
5760      20412
5761      20448
5762      20484
5763      20520
5764      20556
5765      20592
5766      20628
5767      20664
5768      20700
5769      22440
5770      22476
5771      22608
5772      22656
5773      22704
5774      22752
5775      22884
5776      22908
5777      22932
5778      22956
5779      23220
5780      23280
5781      23340
5782      21606
5783      23400
5784      23430
5785      23460
5786      20124
5787      20172
5788      20880
5789      23676
5790      23724
5791      21480
5792      21696
5793      21744
5794      21300
5795      20532
5796      20604
5797      21948
5798      21984
5799      22020
5800      22080
5801      22140
5802      22200
5803      22260
5804      22446
5805      22464
5806      22482
5807      22500
5808      22518
5809      22668
5810      22704
5811      22740
5812      22776
5813      22812
5814      22980
5815      23022
5816      23064
5817      23280
5818      19380
5819      19410
5820      19440
5821      19476
5822      19512
5823      19560
5824      19608
5825      19656
5826      19704
5827      20040
5828      20088
5829      20256
5830      20304
5831      20352
5832      20400
5833      7320
5834      5460
5835      5508
5836      5556
5837      5604
5838      5652
5839      7920
5840      7980
5841      8040
5842      21108
5843      21150
5844      11136
5845      5940
5846      6000
5847      6030
5848      21360
5849      10320
5850      10380
5851      20556
5852      20592
5853      21612
5854      21660
5855      6360
5856      20040
5857      20100
5858      19314
5859      5760
5860      5820
5861      20340
5862      6060
5863      11040
5864      11088
5865      20508
5866      20550
5867      5808
5868      5856
5869      5904
5870      6000
5871      7380
5872      7440
5873      7500
5874      7560
5875      7620
5876      7680
5877      20496
5878      21288
5879      21336
5880      21384
5881      21432
5882      21528
5883      21576
5884      6930
5885      21762
5886      21804
5887      21846
5888      21900
5889      21936
5890      21972
5891      22020
5892      22062
5893      22104
5894      20760
5895      7020
5896      7050
5897      7080
5898      7110
5899      7140
5900      7200
5901      7242
5902      7284
5903      22164
5904      22212
5905      22260
5906      22308
5907      22356
5908      20610
5909      20640
5910      7620
5911      22656
5912      22692
5913      22728
5914      20340
5915      20370
5916      20400
5917      20430
5918      23520
5919      23580
5920      23640
5921      23700
5922      23742
5923      unreachable
5924      unreachable
5925      unreachable
5926      unreachable
5927      unreachable
5928      20430
5929      20460
5930      20490
5931      20520
5932      23556
5933      23592
5934      23628
5935      20190
5936      20220
5937      20880
5938      23940
5939      23988
5940      24036
5941      24084
5942      24132
5943      24180
5944      20820
5945      20880
5946      20910
5947      20940
5948      20970
5949      21000
5950      21030
5951      21060
5952      21300
5953      21600
5954      21660
5955      21720
5956      21762
5957      21804
5958      21846
5959      21888
5960      21930
5961      21972
5962      22014
5963      22056
5964      22098
5965      22140
5966      22212
5967      22284
5968      22356
5969      22440
5970      22488
5971      20700
5972      20730
5973      20760
5974      21630
5975      16080
5976      20100
5977      20220
5978      20268
5979      20316
5980      20364
5981      20412
5982      20460
5983      20532
5984      20604
5985      20676
5986      20760
5987      20802
5988      20844
5989      20886
5990      20928
5991      20970
5992      21012
5993      21054
5994      21096
5995      21138
5996      21180
5997      21240
5998      21180
5999      21240
6000      21300
6001      21360
6002      21420
6003      21468
6004      21516
6005      21564
6006      20688
6007      20760
6008      7620
6009      7668
6010      7716
6011      21870
6012      21900
6013      21936
6014      21972
6015      22008
6016      22044
6017      18744
6018      18792
6019      18840
6020      18900
6021      18942
6022      18984
6023      19026
6024      19068
6025      19110
6026      19152
6027      19194
6028      16140
6029      16182
6030      19380
6031      19440
6032      19488
6033      19536
6034      19584
6035      19632
6036      19680
6037      19728
6038      16620
6039      16716
6040      16812
6041      20100
6042      20238
6043      20316
6044      20400
6045      20442
6046      20484
6047      20526
6048      16440
6049      20400
6050      20460
6051      20520
6052      unreachable
6053      17400
6054      19020
6055      19080
6056      18660
6057      18702
6058      18744
6059      18786
6060      18840
6061      18900
6062      18960
6063      19080
6064      19140
6065      19200
6066      15540
6067      20298
6068      20364
6069      20430
6070      20496
6071      20562
6072      20628
6073      20700
6074      20742
6075      20784
6076      15864
6077      15900
6078      15948
6079      20100
6080      21006
6081      21048
6082      21090
6083      21132
6084      21174
6085      21240
6086      21288
6087      21336
6088      21384
6089      19836
6090      19884
6091      19932
6092      19980
6093      20040
6094      20076
6095      20112
6096      20148
6097      20184
6098      20220
6099      20256
6100      20292
6101      20328
6102      20364
6103      20400
6104      20460
6105      20490
6106      20520
6107      20550
6108      20580
6109      20610
6110      20640
6111      20670
6112      22086
6113      22128
6114      22170
6115      22212
6116      22254
6117      22296
6118      22338
6119      22380
6120      22440
6121      22470
6122      22500
6123      22530
6124      22560
6125      22596
6126      22632
6127      22668
6128      22704
6129      22740
6130      22782
6131      22824
6132      22866
6133      22908
6134      20400
6135      7080
6136      6240
6137      6210
6138      5580
6139      19716
6140      19764
6141      19812
6142      19860
6143      19938
6144      20016
6145      20412
6146      20448
6147      20484
6148      20520
6149      20580
6150      18888
6151      18936
6152      18984
6153      19032
6154      20790
6155      20832
6156      20874
6157      21060
6158      20940
6159      20988
6160      20310
6161      20352
6162      20394
6163      20436
6164      21210
6165      21240
6166      21270
6167      21300
6168      21330
6169      18120
6170      18180
6171      18240
6172      18288
6173      18336
6174      18840
6175      19776
6176      19848
6177      19920
6178      19962
6179      20004
6180      20046
6181      20292
6182      20334
6183      20370
6184      20406
6185      20448
6186      20484
6187      20520
6188      20562
6189      20598
6190      20634
6191      20676
6192      20712
6193      8100
6194      8142
6195      8184
6196      8226
6197      21258
6198      21306
6199      21360
6200      18096
6201      18144
6202      18192
6203      18240
6204      19308
6205      19356
6206      19404
6207      19452
6208      19500
6209      19536
6210      19578
6211      6168
6212      6210
6213      6252
6214      6300
6215      20130
6216      20166
6217      20202
6218      20232
6219      20268
6220      20304
6221      20334
6222      20370
6223      20406
6224      20436
6225      20472
6226      20508
6227      20730
6228      20778
6229      20826
6230      20880
6231      20928
6232      20982
6233      21240
6234      unreachable
6235      unreachable
6236      unreachable
6237      unreachable
6238      unreachable
6239      unreachable
6240      unreachable
6241      22392
6242      22440
6243      22488
6244      22536
6245      22620
6246      unreachable
6247      21756
6248      22800
6249      22860
6250      22260
6251      22320
6252      22380
6253      22980
6254      23010
6255      23040
6256      20340
6257      20922
6258      20964
6259      21006
6260      23340
6261      23388
6262      16488
6263      16530
6264      16572
6265      16620
6266      16656
6267      16692
6268      16728
6269      16764
6270      16800
6271      16860
6272      20580
6273      19380
6274      19428
6275      19476
6276      19524
6277      19572
6278      19620
6279      19680
6280      19728
6281      19776
6282      19824
6283      20052
6284      20100
6285      20178
6286      20256
6287      20370
6288      20400
6289      20430
6290      20460
6291      20490
6292      20520
6293      20580
6294      20628
6295      21660
6296      20760
6297      22344
6298      17460
6299      unreachable
6300      20502
6301      21840
6302      unreachable
6303      6768
6304      23190
6305      23220
6306      23250
6307      23280
6308      23310
6309      23340
6310      23388
6311      23436
6312      23484
6313      23532
6314      23580
6315      23622
6316      23664
6317      23706
6318      23748
6319      23790
6320      24180
6321      24240
6322      24600
6323      23280
6324      23586
6325      23640
6326      24060
6327      24480
6328      24540
6329      24600
6330      24618
6331      24636
6332      24654
6333      24672
6334      24690
6335      6840
6336      18300
6337      18660
6338      18696
6339      18732
6340      18768
6341      18804
6342      18840
6343      18876
6344      18912
6345      21000
6346      21048
6347      21096
6348      21144
6349      21192
6350      21240
6351      21276
6352      21312
6353      21348
6354      21384
6355      21420
6356      21456
6357      21492
6358      21540
6359      27432
6360      21816
6361      21852
6362      21900
6363      21942
6364      21984
6365      22026
6366      22068
6367      22110
6368      22152
6369      22194
6370      22260
6371      22308
6372      22356
6373      22404
6374      22452
6375      22500
6376      20082
6377      20748
6378      20796
6379      20844
6380      20892
6381      20940
6382      20988
6383      21060
6384      17700
6385      unreachable
6386      22740
6387      22800
6388      22860
6389      22920
6390      22968
6391      23016
6392      23064
6393      23460
6394      23520
6395      23580
6396      23628
6397      23676
6398      24396
6399      24600
6400      23280
6401      23850
6402      23892
6403      23940
6404      24432
6405      24480
6406      24540
6407      24600
6408      24660
6409      24720
6410      25260
6411      20382
6412      20424
6413      20466
6414      20520
6415      20592
6416      29760
6417      19440
6418      19500
6419      19620
6420      19680
6421      19722
6422      19764
6423      19806
6424      13860
6425      13896
6426      13932
6427      13968
6428      14004
6429      14040
6430      14076
6431      14112
6432      14148
6433      14184
6434      14220
6435      14268
6436      14316
6437      14364
6438      14412
6439      24300
6440      18300
6441      18360
6442      18420
6443      18480
6444      18540
6445      20364
6446      20412
6447      21540
6448      21600
6449      21660
6450      21720
6451      21240
6452      21288
6453      21336
6454      21384
6455      21420
6456      17508
6457      17556
6458      16500
6459      20766
6460      17262
6461      20898
6462      20964
6463      7560
6464      9000
6465      9048
6466      9096
6467      9144
6468      9192
6469      9240
6470      9282
6471      9324
6472      9366
6473      9420
6474      9468
6475      9516
6476      9564
6477      9612
6478      9660
6479      28800
6480      19656
6481      19692
6482      8904
6483      8946
6484      9060
6485      19680
6486      20916
6487      20964
6488      21012
6489      20880
6490      20940
6491      20982
6492      21024
6493      21066
6494      21108
6495      21150
6496      21192
6497      21240
6498      21276
6499      21312
6500      21348
6501      21384
6502      21360
6503      21720
6504      21492
6505      55260
6506      6804
6507      6840
6508      6876
6509      6912
6510      6948
6511      6984
6512      20448
6513      20490
6514      20532
6515      20574
6516      20616
6517      20658
6518      20700
6519      18696
6520      18732
6521      18768
6522      18804
6523      18840
6524      6990
6525      7992
6526      8028
6527      8064
6528      8676
6529      8724
6530      8772
6531      8820
6532      19242
6533      19284
6534      19440
6535      19488
6536      19536
6537      19584
6538      9468
6539      9516
6540      9564
6541      7788
6542      20556
6543      20604
6544      20652
6545      20700
6546      21000
6547      21036
6548      21072
6549      21108
6550      21144
6551      21180
6552      21216
6553      21252
6554      20730
6555      20760
6556      20790
6557      20820
6558      20940
6559      19080
6560      21000
6561      24450
6562      24492
6563      24534
6564      30276
6565      30360
6566      unreachable
6567      unreachable
6568      24060
6569      24096
6570      24132
6571      24168
6572      20700
6573      20760
6574      26400
6575      7020
6576      7440
6577      unreachable
6578      19056
6579      19092
6580      19128
6581      19164
6582      19200
6583      19260
6584      19302
6585      19344
6586      19386
6587      19428
6588      19470
6589      19512
6590      19560
6591      22920
6592      22980
6593      23040
6594      23100
6595      22800
6596      19140
6597      23484
6598      23760
6599      23868
6600      23916
6601      23964
6602      24060
6603      24108
6604      23124
6605      24156
6606      24204
6607      24300
6608      6180
6609      6360
6610      6420
6611      6960
6612      5268
6613      5316
6614      5364
6615      22980
6616      23016
6617      23052
6618      23088
6619      23232
6620      23268
6621      23412
6622      6006
6623      6048
6624      6090
6625      6132
6626      6174
6627      8040
6628      7008
6629      7056
6630      7104
6631      7002
6632      5568
6633      5610
6634      5652
6635      5700
6636      4902
6637      4944
6638      4986
6639      5028
6640      5070
6641      5640
6642      6480
6643      6840
6644      7140
6645      7182
6646      7224
6647      7266
6648      7308
6649      7350
6650      7392
6651      7434
6652      7476
6653      7518
6654      7560
6655      7602
6656      6456
6657      6492
6658      6528
6659      6564
6660      6600
6661      6636
6662      6672
6663      6708
6664      6780
6665      6810
6666      6840
6667      6900
6668      5700
6669      5742
6670      5784
6671      5826
6672      5868
6673      5910
6674      5952
6675      7128
6676      7176
6677      7230
6678      7278
6679      7326
6680      7494
6681      6606
6682      6738
6683      8070
6684      18420
6685      19116
6686      19158
6687      19200
6688      19236
6689      19278
6690      9000
6691      9120
6692      9240
6693      9270
6694      9300
6695      9330
6696      17352
6697      9360
6698      9390
6699      9420
6700      9450
6701      9480
6702      9522
6703      9564
6704      9606
6705      9660
6706      9708
6707      9756
6708      9804
6709      9852
6710      9900
6711      56700
6712      22728
6713      17880
6714      17916
6715      17958
6716      18540
6717      18600
6718      18660
6719      18720
6720      17400
6721      17436
6722      17472
6723      17676
6724      17712
6725      17742
6726      17778
6727      17808
6728      17844
6729      17880
6730      18000
6731      18180
6732      18216
6733      18258
6734      18300
6735      18336
6736      18378
6737      20280
6738      20340
6739      20400
6740      20436
6741      20472
6742      20508
6743      20544
6744      19800
6745      19860
6746      7572
6747      7620
6748      7656
6749      20772
6750      20808
6751      20844
6752      20880
6753      20916
6754      20952
6755      18360
6756      20442
6757      20550
6758      16860
6759      16908
6760      16956
6761      17004
6762      17052
6763      17100
6764      21792
6765      21834
6766      19260
6767      19320
6768      7440
6769      7500
6770      22080
6771      7080
6772      7140
6773      20340
6774      20400
6775      5346
6776      5388
6777      5430
6778      5472
6779      5514
6780      5676
6781      5712
6782      5760
6783      21144
6784      21186
6785      21228
6786      21270
6787      21312
6788      21354
6789      20940
6790      21000
6791      21060
6792      21120
6793      21180
6794      21600
6795      21630
6796      21660
6797      21690
6798      21720
6799      21780
6800      21822
6801      21864
6802      21906
6803      unreachable
6804      17760
6805      17790
6806      18228
6807      18276
6808      18324
6809      18372
6810      18420
6811      18480
6812      18540
6813      18660
6814      18708
6815      18756
6816      18804
6817      18852
6818      18900
6819      18948
6820      19020
6821      19080
6822      19140
6823      19200
6824      7560
6825      7620
6826      7680
6827      7644
6828      7692
6829      7740
6830      7938
6831      8016
6832      8100
6833      20100
6834      6516
6835      6360
6836      6420
6837      6480
6838      6540
6839      6600
6840      6660
6841      6708
6842      6756
6843      6900
6844      6960
6845      7020
6846      20760
6847      20820
6848      20880
6849      20940
6850      20988
6851      21036
6852      21084
6853      21132
6854      21180
6855      21240
6856      19944
6857      20016
6858      20100
6859      22116
6860      22152
6861      22188
6862      22224
6863      22260
6864      21750
6865      22440
6866      21444
6867      21492
6868      21540
6869      6012
6870      6054
6871      19284
6872      19380
6873      19584
6874      19632
6875      19686
6876      19740
6877      19776
6878      19812
6879      19848
6880      19884
6881      19920
6882      19956
6883      19992
6884      20028
6885      20064
6886      20100
6887      20142
6888      20184
6889      20226
6890      20268
6891      18240
6892      unreachable
6893      19338
6894      19380
6895      19416
6896      19458
6897      19500
6898      19542
6899      19584
6900      19626
6901      19668
6902      19710
6903      19752
6904      19794
6905      19836
6906      19878
6907      19920
6908      19968
6909      20022
6910      20070
6911      17244
6912      17280
6913      7062
6914      7104
6915      7146
6916      7188
6917      19290
6918      19332
6919      19374
6920      19500
6921      7518
6922      7560
6923      7608
6924      7656
6925      7698
6926      7746
6927      21720
6928      37224
6929      37266
6930      37308
6931      37350
6932      37392
6933      21216
6934      21252
6935      21288
6936      21324
6937      21360
6938      37980
6939      38040
6940      38100
6941      38160
6942      38220
6943      38280
6944      38580
6945      38640
6946      39660
6947      32796
6948      32844
6949      32892
6950      32940
6951      33000
6952      33048
6953      19956
6954      19992
6955      20028
6956      20064
6957      20100
6958      33612
6959      33654
6960      33696
6961      33738
6962      33780
6963      23520
6964      9402
6965      9450
6966      9498
6967      9540
6968      9588
6969      24960
6970      24990
6971      25020
6972      25050
6973      25080
6974      19740
6975      19770
6976      19800
6977      19860
6978      19908
6979      19956
6980      20004
6981      20052
6982      20100
6983      20400
6984      20442
6985      20484
6986      20526
6987      20580
6988      20640
6989      8520
6990      8550
6991      6768
6992      6804
6993      6900
6994      20040
6995      20100
6996      20160
6997      20220
6998      20262
6999      20304
7000      20346
7001      20040
7002      20088
7003      20136
7004      20184
7005      20232
7006      20280
7007      20310
7008      20340
7009      25710
7010      25740
7011      25770
7012      25800
7013      18300
7014      18360
7015      18420
7016      16350
7017      18522
7018      18564
7019      18606
7020      18660
7021      18702
7022      18744
7023      18786
7024      18828
7025      18870
7026      18912
7027      18960
7028      18876
7029      18912
7030      19248
7031      6816
7032      19380
7033      19416
7034      19452
7035      19488
7036      19524
7037      19560
7038      19590
7039      19620
7040      19650
7041      19680
7042      19710
7043      19740
7044      19500
7045      19548
7046      19920
7047      20904
7048      20940
7049      21000
7050      21216
7051      21252
7052      21288
7053      20460
7054      20520
7055      20568
7056      20616
7057      20664
7058      20712
7059      20040
7060      20796
7061      20832
7062      20868
7063      19764
7064      19320
7065      19356
7066      21216
7067      21264
7068      21312
7069      21360
7070      21420
7071      21510
7072      21600
7073      21660
7074      21720
7075      21780
7076      20040
7077      17400
7078      17448
7079      17496
7080      18948
7081      18984
7082      19020
7083      19056
7084      19092
7085      19128
7086      19164
7087      19200
7088      18060
7089      18120
7090      18180
7091      18240
7092      18816
7093      18864
7094      18912
7095      18960
7096      19008
7097      19056
7098      19104
7099      6360
7100      6420
7101      20010
7102      20100
7103      21120
7104      7980
7105      8862
7106      18840
7107      8100
7108      8160
7109      19128
7110      19170
7111      18936
7112      18984
7113      19032
7114      19440
7115      19476
7116      19512
7117      19548
7118      19584
7119      19620
7120      19656
7121      19692
7122      19728
7123      19644
7124      19692
7125      19740
7126      19800
7127      18720
7128      12984
7129      13038
7130      13092
7131      13146
7132      13200
7133      7374
7134      7416
7135      19080
7136      9900
7137      10140
7138      7728
7139      7776
7140      7824
7141      10440
7142      10488
7143      10536
7144      10584
7145      10632
7146      18108
7147      18156
7148      29220
7149      20208
7150      20280
7151      30180
7152      30252
7153      30360
7154      22596
7155      30960
7156      23376
7157      23412
7158      56448
7159      56556
7160      30600
7161      7500
7162      15684
7163      15732
7164      15780
7165      15840
7166      15864
7167      15888
7168      15912
7169      15936
7170      15960
7171      15984
7172      16020
7173      19932
7174      21396
7175      21432
7176      21468
7177      21504
7178      29280
7179      9336
7180      9372
7181      9408
7182      9444
7183      20100
7184      20028
7185      8760
7186      8790
7187      8820
7188      8850
7189      52980
7190      53046
7191      53112
7192      53178
7193      53244
7194      20196
7195      20520
7196      20544
7197      20568
7198      20592
7199      20616
7200      20640
7201      20664
7202      20700
7203      20760
7204      20820
7205      5868
7206      7620
7207      7680
7208      7740
7209      7800
7210      7860
7211      7920
7212      8040
7213      8220
7214      8280
7215      8310
7216      8340
7217      8370
7218      8400
7219      8430
7220      8460
7221      21000
7222      21036
7223      21072
7224      21108
7225      21144
7226      21180
7227      21240
7228      21324
7229      19776
7230      16860
7231      16884
7232      16914
7233      17220
7234      17268
7235      17316
7236      17364
7237      17412
7238      20220
7239      20280
7240      20340
7241      20460
7242      20820
7243      20880
7244      20940
7245      35508
7246      35616
7247      35724
7248      35832
7249      35940
7250      36048
7251      34704
7252      34800
7253      34872
7254      36468
7255      36552
7256      36636
7257      36720
7258      24900
7259      34416
7260      34488
7261      34560
7262      34632
7263      34944
7264      35016
7265      35088
7266      35160
7267      35232
7268      35304
7269      6150
7270      6240
7271      6300
7272      6360
7273      6420
7274      5220
7275      5736
7276      5772
7277      5808
7278      5844
7279      5880
7280      5916
7281      5952
7282      6000
7283      6042
7284      6084
7285      6126
7286      19920
7287      8268
7288      8310
7289      8352
7290      8394
7291      8460
7292      8496
7293      8532
7294      8568
7295      8604
7296      8640
7297      8676
7298      6960
7299      7032
7300      4380
7301      4440
7302      4620
7303      4710
7304      4890
7305      4980
7306      5040
7307      5844
7308      5892
7309      5940
7310      5988
7311      6036
7312      6084
7313      6480
7314      6600
7315      6660
7316      6720
7317      6780
7318      6840
7319      6900
7320      6960
7321      7020
7322      7080
7323      7140
7324      7188
7325      4080
7326      4296
7327      4362
7328      4428
7329      4494
7330      4812
7331      16104
7332      5244
7333      5328
7334      5412
7335      5664
7336      4362
7337      4404
7338      4446
7339      4488
7340      4530
7341      4572
7342      4614
7343      4656
7344      4740
7345      5520
7346      5580
7347      5640
7348      5700
7349      5760
7350      unreachable
7351      16116
7352      16164
7353      16212
7354      unreachable
7355      unreachable
7356      7332
7357      7398
7358      7464
7359      5604
7360      5652
7361      5700
7362      5940
7363      20052
7364      20100
7365      20160
7366      20220
7367      20280
7368      20352
7369      7398
7370      6336
7371      6372
7372      6408
7373      6444
7374      6480
7375      6540
7376      21060
7377      6600
7378      6660
7379      7392
7380      6540
7381      6600
7382      7548
7383      7596
7384      7644
7385      7692
7386      6660
7387      20436
7388      20520
7389      20580
7390      20640
7391      20700
7392      20760
7393      20820
7394      7296
7395      7482
7396      7524
7397      7566
7398      7608
7399      7650
7400      7692
7401      7734
7402      6444
7403      6468
7404      6492
7405      6900
7406      6936
7407      7380
7408      7404
7409      7452
7410      7476
7411      7500
7412      7524
7413      7560
7414      7620
7415      7932
7416      7956
7417      unreachable
7418      unreachable
7419      21720
7420      21780
7421      21696
7422      21750
7423      21798
7424      21996
7425      22044
7426      22092
7427      22080
7428      22140
7429      22224
7430      22266
7431      22044
7432      22092
7433      20550
7434      20580
7435      20700
7436      20760
7437      20820
7438      20880
7439      20940
7440      21000
7441      21072
7442      21144
7443      21216
7444      21300
7445      20664
7446      20688
7447      20712
7448      20736
7449      20760
7450      20802
7451      20844
7452      21780
7453      9192
7454      9228
7455      9264
7456      18420
7457      18456
7458      18492
7459      18528
7460      18564
7461      19680
7462      19740
7463      19818
7464      19896
7465      19980
7466      20064
7467      20148
7468      20232
7469      20316
7470      20400
7471      20040
7472      20064
7473      19200
7474      19296
7475      20388
7476      20436
7477      19740
7478      19770
7479      19800
7480      9744
7481      9816
7482      9888
7483      9960
7484      10032
7485      4440
7486      4500
7487      4560
7488      4620
7489      4680
7490      4740
7491      4800
7492      21300
7493      21360
7494      17520
7495      22464
7496      22536
7497      6420
7498      6498
7499      6720
7500      23196
7501      23244
7502      23292
7503      23340
7504      23388
7505      23460
7506      18924
7507      18966
7508      6900
7509      23652
7510      23700
7511      19008
7512      23820
7513      19050
7514      17520
7515      17580
7516      21780
7517      21840
7518      18840
7519      18882
7520      22008
7521      22056
7522      22104
7523      22152
7524      22200
7525      7500
7526      6960
7527      7020
7528      7080
7529      22818
7530      22896
7531      20580
7532      20622
7533      5340
7534      5388
7535      5436
7536      5484
7537      5532
7538      5592
7539      5910
7540      10560
7541      9612
7542      9678
7543      9744
7544      9810
7545      9900
7546      16248
7547      21132
7548      21198
7549      21264
7550      20238
7551      21420
7552      21468
7553      21516
7554      21564
7555      21612
7556      21660
7557      21708
7558      21780
7559      21828
7560      21876
7561      21924
7562      21972
7563      22020
7564      18540
7565      20676
7566      20712
7567      20748
7568      20784
7569      20820
7570      20868
7571      20916
7572      20964
7573      21012
7574      21060
7575      21108
7576      21156
7577      21240
7578      19500
7579      21360
7580      21420
7581      21480
7582      21540
7583      9360
7584      9408
7585      9456
7586      9504
7587      9552
7588      9600
7589      7740
7590      8820
7591      unreachable
7592      5712
7593      5784
7594      5856
7595      5940
7596      3540
7597      2640
7598      2712
7599      2784
7600      2856
7601      2940
7602      19356
7603      19440
7604      19506
7605      19572
7606      19638
7607      19704
7608      6780
7609      19020
7610      19992
7611      20058
7612      20124
7613      20190
7614      17940
7615      18030
7616      20400
7617      6780
7618      6840
7619      20574
7620      20628
7621      20682
7622      17868
7623      17916
7624      17964
7625      18012
7626      18060
7627      18120
7628      18162
7629      21102
7630      21144
7631      21186
7632      21240
7633      21282
7634      8016
7635      8052
7636      8100
7637      12420
7638      12450
7639      12480
7640      20322
7641      20700
7642      20760
7643      18696
7644      18780
7645      18828
7646      18876
7647      18210
7648      18252
7649      18294
7650      21114
7651      21156
7652      21198
7653      8460
7654      8490
7655      8520
7656      19722
7657      19794
7658      19866
7659      21600
7660      21660
7661      21708
7662      21756
7663      19104
7664      21936
7665      21984
7666      22032
7667      22080
7668      22140
7669      22188
7670      22236
7671      13080
7672      13122
7673      13164
7674      13206
7675      13248
7676      13290
7677      13332
7678      13374
7679      13416
7680      13458
7681      13500
7682      13542
7683      13584
7684      13626
7685      13668
7686      13710
7687      13752
7688      13800
7689      10140
7690      6522
7691      6564
7692      6606
7693      6732
7694      7848
7695      7896
7696      7944
7697      7992
7698      8040
7699      21720
7700      4740
7701      4788
7702      4836
7703      4884
7704      4932
7705      19140
7706      5592
7707      5634
7708      5676
7709      6540
7710      6588
7711      6636
7712      6684
7713      6732
7714      6780
7715      6828
7716      6876
7717      6924
7718      6972
7719      7020
7720      7068
7721      7116
7722      7164
7723      7212
7724      7260
7725      16080
7726      16224
7727      16266
7728      16308
7729      16350
7730      16392
7731      16434
7732      16860
7733      16236
7734      16320
7735      16362
7736      16404
7737      16446
7738      17148
7739      17190
7740      17652
7741      17700
7742      17760
7743      17820
7744      17880
7745      17940
7746      18000
7747      18060
7748      18120
7749      17520
7750      17568
7751      17616
7752      17664
7753      17712
7754      17760
7755      7200
7756      7080
7757      23988
7758      19602
7759      19644
7760      19686
7761      19728
7762      19770
7763      19812
7764      19854
7765      19920
7766      19620
7767      19692
7768      19944
7769      19986
7770      20028
7771      20070
7772      20112
7773      20154
7774      20220
7775      20268
7776      20670
7777      20712
7778      19872
7779      19920
7780      19968
7781      20040
7782      20136
7783      21012
7784      15684
7785      15720
7786      15756
7787      15792
7788      15828
7789      3840
7790      4260
7791      4350
7792      3300
7793      3348
7794      3396
7795      3444
7796      3492
7797      3540
7798      3588
7799      3636
7800      3684
7801      3690
7802      3720
7803      3840
7804      3900
7805      3960
7806      18120
7807      4020
7808      4080
7809      4140
7810      4200
7811      4260
7812      4320
7813      4380
7814      4440
7815      4620
7816      4680
7817      4800
7818      4860
7819      6000
7820      6240
7821      6360
7822      6420
7823      6732
7824      6774
7825      6816
7826      6858
7827      6900
7828      6960
7829      7020
7830      7068
7831      18120
7832      3960
7833      4020
7834      4380
7835      4440
7836      4482
7837      4710
7838      4740
7839      4770
7840      4800
7841      4830
7842      4860
7843      4890
7844      4920
7845      4950
7846      4980
7847      3390
7848      3480
7849      3930
7850      7560
7851      7590
7852      7620
7853      7656
7854      7980
7855      8088
7856      8124
7857      8160
7858      8196
7859      8232
7860      6960
7861      7620
7862      7662
7863      7704
7864      7746
7865      7788
7866      7830
7867      6240
7868      6312
7869      6348
7870      19056
7871      19104
7872      7338
7873      7416
7874      5940
7875      5970
7876      6060
7877      5400
7878      20700
7879      unreachable
7880      4860
7881      5160
7882      5940
7883      6000
7884      6240
7885      18648
7886      18684
7887      6036
7888      6084
7889      6132
7890      6180
7891      6228
7892      6276
7893      6324
7894      6420
7895      6360
7896      6426
7897      6492
7898      6558
7899      6624
7900      6690
7901      6756
7902      6822
7903      6888
7904      6660
7905      6060
7906      25620
7907      25704
7908      25752
7909      25788
7910      25824
7911      25980
7912      25992
7913      26004
7914      26016
7915      26040
7916      26076
7917      26112
7918      25440
7919      25512
7920      25584
7921      16620
7922      16740
7923      16860
7924      11202
7925      11244
7926      11286
7927      19212
7928      19260
7929      19308
7930      19356
7931      16260
7932      16308
7933      16356
7934      16404
7935      16452
7936      12180
7937      12240
7938      12300
7939      12360
7940      12384
7941      12408
7942      12432
7943      12456
7944      12480
7945      12504
7946      12528
7947      12552
7948      12576
7949      12600
7950      12630
7951      12660
7952      12690
7953      12720
7954      12756
7955      20700
7956      unreachable
7957      7680
7958      7716
7959      7752
7960      7800
7961      7830
7962      7860
7963      7890
7964      7920
7965      7950
7966      7980
7967      8010
7968      8040
7969      8100
7970      17490
7971      17520
7972      17550
7973      17580
7974      17646
7975      17712
7976      17778
7977      19500
7978      19560
7979      19620
7980      19680
7981      19740
7982      13662
7983      13704
7984      13746
7985      16560
7986      16590
7987      16620
7988      20160
7989      20220
7990      20256
7991      20292
7992      20340
7993      20376
7994      20412
7995      20460
7996      20508
7997      20556
7998      20604
7999      20652
8000      20700
8001      20208
8002      20244
8003      20280
8004      20340
8005      20376
8006      20412
8007      20448
8008      20484
8009      20520
8010      20556
8011      20592
8012      20628
8013      20664
8014      20700
8015      5964
8016      21210
8017      21300
8018      21390
8019      21480
8020      21660
8021      21720
8022      21780
8023      21840
8024      20400
8025      20460
8026      20700
8027      20760
8028      20820
8029      20880
8030      21300
8031      21336
8032      21372
8033      21408
8034      21444
8035      21480
8036      21516
8037      21552
8038      21588
8039      21624
8040      21660
8041      21708
8042      21756
8043      21804
8044      21180
8045      5196
8046      4800
8047      6060
8048      6120
8049      6180
8050      6240
8051      6300
8052      6360
8053      6450
8054      6540
8055      6600
8056      6660
8057      6012
8058      6060
8059      6096
8060      7128
8061      7176
8062      7224
8063      7272
8064      7320
8065      7380
8066      7440
8067      7470
8068      7500
8069      7530
8070      7560
8071      7596
8072      7632
8073      7680
8074      3420
8075      5160
8076      5190
8077      5220
8078      5256
8079      5292
8080      5340
8081      5400
8082      5460
8083      5508
8084      5556
8085      5604
8086      5652
8087      5700
8088      3720
8089      3768
8090      3816
8091      4380
8092      4440
8093      4500
8094      4560
8095      4620
8096      4668
8097      4716
8098      4764
8099      4812
8100      6522
8101      6564
8102      6606
8103      6648
8104      6690
8105      5100
8106      5160
8107      5220
8108      5280
8109      5340
8110      5400
8111      5460
8112      5580
8113      5340
8114      4908
8115      4944
8116      4980
8117      5022
8118      5064
8119      5106
8120      7440
8121      7500
8122      7560
8123      7620
8124      7680
8125      7740
8126      7800
8127      8100
8128      8148
8129      8196
8130      8244
8131      8292
8132      8340
8133      6648
8134      5640
8135      5052
8136      5124
8137      5196
8138      5280
8139      5376
8140      5472
8141      5580
8142      5940
8143      unreachable
8144      8418
8145      8496
8146      6852
8147      6924
8148      6996
8149      4146
8150      4236
8151      4284
8152      4332
8153      4512
8154      4584
8155      4656
8156      4980
8157      5040
8158      5100
8159      5160
8160      5220
8161      unreachable
8162      20160
8163      20832
8164      20904
8165      20976
8166      18624
8167      18672
8168      18720
8169      18840
8170      18900
8171      18960
8172      19020
8173      19080
8174      19140
8175      19182
8176      19224
8177      19266
8178      19320
8179      19380
8180      19440
8181      19500
8182      19560
8183      19710
8184      9780
8185      unreachable
8186      unreachable
8187      19062
8188      19104
8189      19146
8190      19188
8191      19440
8192      19308
8193      19344
8194      19380
8195      19740
8196      19800
8197      19860
8198      19920
8199      19956
8200      18720
8201      18780
8202      18840
8203      18900
8204      18960
8205      19032
8206      19104
8207      13212
8208      13260
8209      16320
8210      22740
8211      7140
8212      7164
8213      7188
8214      7212
8215      7236
8216      6756
8217      6792
8218      6828
8219      6864
8220      6900
8221      6936
8222      3780
8223      4080
8224      4140
8225      4200
8226      4236
8227      4272
8228      4308
8229      4344
8230      4380
8231      4440
8232      4458
8233      4620
8234      4680
8235      4740
8236      6480
8237      6540
8238      6960
8239      7350
8240      7380
8241      7416
8242      7452
8243      7488
8244      7524
8245      7560
8246      7620
8247      7668
8248      7716
8249      20040
8250      4260
8251      4308
8252      4320
8253      4368
8254      4416
8255      4464
8256      4512
8257      4560
8258      4722
8259      4764
8260      4806
8261      4860
8262      21300
8263      7470
8264      7500
8265      7530
8266      20352
8267      20388
8268      20424
8269      20460
8270      20496
8271      20532
8272      20568
8273      20604
8274      20640
8275      20700
8276      20730
8277      20760
8278      20790
8279      20820
8280      20850
8281      20880
8282      20910
8283      20940
8284      21000
8285      unreachable
8286      unreachable
8287      unreachable
8288      unreachable
8289      unreachable
8290      unreachable
8291      unreachable
8292      unreachable
8293      unreachable
8294      unreachable
8295      unreachable
8296      unreachable
8297      unreachable
8298      unreachable
8299      unreachable
8300      unreachable
8301      unreachable
8302      unreachable
8303      unreachable
8304      8196
8305      8244
8306      8292
8307      unreachable
8308      8502
8309      8544
8310      8586
8311      8628
8312      8670
8313      6384
8314      6420
8315      6480
8316      6552
8317      6624
8318      6684
8319      6732
8320      5718
8321      5796
8322      5880
8323      5928
8324      5976
8325      6024
8326      6072
8327      6120
8328      6162
8329      6204
8330      6246
8331      6492
8332      6540
8333      6588
8334      6660
8335      6720
8336      6780
8337      6840
8338      6900
8339      8040
8340      5640
8341      5712
8342      5784
8343      5856
8344      5940
8345      5988
8346      6516
8347      6564
8348      6612
8349      6660
8350      6708
8351      8400
8352      unreachable
8353      unreachable
8354      unreachable
8355      unreachable
8356      unreachable
8357      unreachable
8358      unreachable
8359      26736
8360      27636
8361      26592
8362      26292
8363      26400
8364      26496
8365      26592
8366      27060
8367      27120
8368      27180
8369      27228
8370      27276
8371      27324
8372      27372
8373      26076
8374      26148
8375      26220
8376      26280
8377      26340
8378      23436
8379      26664
8380      26808
8381      26880
8382      26940
8383      27000
8384      27060
8385      27120
8386      27180
8387      27240
8388      8682
8389      8724
8390      8766
8391      18120
8392      8808
8393      8850
8394      8892
8395      8934
8396      7800
8397      8220
8398      9120
8399      9180
8400      6840
8401      6900
8402      7020
8403      7116
8404      6942
8405      6984
8406      7026
8407      7080
8408      7140
8409      7200
8410      7260
8411      6780
8412      6828
8413      6876
8414      6924
8415      6888
8416      6936
8417      6984
8418      7032
8419      7080
8420      5448
8421      5496
8422      5544
8423      5592
8424      5640
8425      5700
8426      5760
8427      5820
8428      5880
8429      5940
8430      6024
8431      6108
8432      6192
8433      6276
8434      6360
8435      6408
8436      6456
8437      6504
8438      6552
8439      7020
8440      6600
8441      6648
8442      6720
8443      unreachable
8444      14220
8445      14280
8446      25338
8447      25392
8448      25440
8449      25488
8450      25560
8451      25602
8452      25644
8453      25686
8454      9480
8455      9522
8456      9564
8457      9606
8458      9660
8459      11280
8460      21060
8461      21120
8462      18120
8463      18180
8464      26220
8465      26280
8466      26340
8467      26400
8468      26460
8469      13560
8470      21660
8471      13620
8472      13650
8473      13680
8474      26760
8475      26820
8476      21900
8477      26946
8478      18660
8479      18690
8480      18720
8481      18750
8482      18780
8483      18822
8484      22860
8485      22980
8486      23340
8487      21300
8488      21780
8489      18480
8490      21564
8491      21612
8492      21660
8493      21708
8494      25416
8495      25452
8496      11820
8497      11862
8498      11904
8499      18840
8500      12000
8501      25740
8502      25806
8503      25872
8504      25938
8505      26004
8506      19080
8507      19140
8508      21420
8509      21480
8510      9000
8511      10656
8512      10692
8513      10728
8514      10764
8515      10800
8516      26820
8517      26880
8518      26940
8519      27000
8520      27108
8521      27216
8522      27264
8523      14520
8524      11220
8525      11760
8526      18240
8527      8220
8528      8268
8529      8316
8530      8364
8531      8412
8532      8460
8533      8508
8534      8556
8535      8604
8536      8700
8537      8742
8538      8784
8539      12426
8540      12468
8541      12510
8542      12552
8543      12600
8544      12630
8545      12660
8546      12690
8547      12720
8548      10824
8549      10866
8550      10920
8551      10956
8552      10992
8553      11028
8554      11064
8555      11100
8556      11160
8557      11340
8558      11436
8559      11532
8560      13380
8561      13500
8562      13620
8563      13722
8564      13824
8565      13926
8566      14040
8567      unreachable
8568      15540
8569      15660
8570      15780
8571      15900
8572      13380
8573      13458
8574      13536
8575      13620
8576      13800
8577      13836
8578      13872
8579      13908
8580      13944
8581      13980
8582      14040
8583      14082
8584      14124
8585      17220
8586      17250
8587      17280
8588      17310
8589      17340
8590      17382
8591      17424
8592      17466
8593      17508
8594      11484
8595      11520
8596      11520
8597      11562
8598      11604
8599      11646
8600      11688
8601      11730
8602      11772
8603      11832
8604      11868
8605      11940
8606      36240
8607      36960
8608      17622
8609      19140
8610      4002
8611      18756
8612      19800
8613      41580
8614      19836
8615      41760
8616      19872
8617      19908
8618      20844
8619      20880
8620      20940
8621      42480
8622      14166
8623      10740
8624      10782
8625      21660
8626      21690
8627      21720
8628      21750
8629      17070
8630      17100
8631      17130
8632      17160
8633      51240
8634      51300
8635      51360
8636      51420
8637      51480
8638      51540
8639      51600
8640      unreachable
8641      unreachable
8642      unreachable
8643      unreachable
8644      unreachable
8645      unreachable
8646      unreachable
8647      unreachable
8648      18780
8649      18840
8650      18900
8651      37620
8652      12264
8653      12300
8654      12348
8655      12396
8656      21780
8657      22206
8658      22260
8659      28980
8660      28890
8661      22314
8662      38400
8663      38472
8664      38550
8665      38622
8666      8520
8667      8556
8668      8592
8669      39000
8670      8604
8671      8658
8672      8712
8673      8766
8674      8820
8675      6936
8676      6972
8677      7008
8678      7044
8679      7080
8680      23100
8681      13620
8682      13656
8683      13692
8684      13728
8685      13764
8686      13800
8687      48480
8688      12456
8689      7530
8690      8520
8691      49032
8692      49110
8693      49182
8694      49260
8695      21648
8696      49362
8697      21720
8698      21762
8699      7740
8700      7770
8701      7800
8702      7842
8703      50040
8704      19824
8705      19896
8706      19980
8707      50976
8708      51012
8709      51048
8710      51084
8711      51120
8712      51162
8713      51198
8714      21600
8715      18600
8716      18660
8717      18720
8718      21042
8719      13326
8720      21126
8721      21180
8722      21228
8723      21276
8724      21324
8725      21372
8726      21420
8727      21468
8728      21516
8729      21780
8730      21816
8731      21852
8732      22236
8733      22272
8734      22320
8735      20760
8736      20820
8737      20880
8738      18624
8739      18672
8740      21060
8741      21120
8742      21180
8743      21240
8744      12210
8745      12252
8746      8256
8747      16440
8748      16500
8749      16560
8750      unreachable
8751      unreachable
8752      unreachable
8753      unreachable
8754      13404
8755      13446
8756      13488
8757      13530
8758      13572
8759      13620
8760      16296
8761      16332
8762      16368
8763      16404
8764      16440
8765      16476
8766      16512
8767      16548
8768      16890
8769      16920
8770      16950
8771      16980
8772      17010
8773      17040
8774      17202
8775      17244
8776      17286
8777      17328
8778      17370
8779      17412
8780      17460
8781      17940
8782      18000
8783      18060
8784      18120
8785      18180
8786      18240
8787      19944
8788      19980
8789      20016
8790      20052
8791      20088
8792      20124
8793      18582
8794      18624
8795      18666
8796      18708
8797      18750
8798      18792
8799      18834
8800      18900
8801      18936
8802      18972
8803      19008
8804      19044
8805      19080
8806      19116
8807      19152
8808      19188
8809      19260
8810      17940
8811      18096
8812      18132
8813      18168
8814      18204
8815      18240
8816      16650
8817      16680
8818      16710
8819      16740
8820      16800
8821      16878
8822      16956
8823      17040
8824      17076
8825      17112
8826      17160
8827      17196
8828      18792
8829      18840
8830      18876
8831      18912
8832      17238
8833      17316
8834      17400
8835      17436
8836      17472
8837      17508
8838      17760
8839      17820
8840      17880
8841      20700
8842      21090
8843      11196
8844      11244
8845      11292
8846      12426
8847      21408
8848      21432
8849      21456
8850      21480
8851      21504
8852      12510
8853      12552
8854      21576
8855      21600
8856      21624
8857      21648
8858      16200
8859      21762
8860      21804
8861      21846
8862      21888
8863      21930
8864      21972
8865      22014
8866      22080
8867      22122
8868      22164
8869      22206
8870      18420
8871      18450
8872      18480
8873      18510
8874      13380
8875      13422
8876      13464
8877      22806
8878      22860
8879      22896
8880      22932
8881      22968
8882      23004
8883      23040
8884      23082
8885      23124
8886      23166
8887      23220
8888      23238
8889      23256
8890      23274
8891      23292
8892      23310
8893      18864
8894      18906
8895      23484
8896      23532
8897      23580
8898      24660
8899      24720
8900      21240
8901      21324
8902      21348
8903      21372
8904      21396
8905      21420
8906      21444
8907      21480
8908      21516
8909      21552
8910      21588
8911      21624
8912      21660
8913      21696
8914      21732
8915      21768
8916      21804
8917      21840
8918      12840
8919      12900
8920      12960
8921      13020
8922      13080
8923      13128
8924      13176
8925      13224
8926      22440
8927      22500
8928      22560
8929      22620
8930      22662
8931      22704
8932      22746
8933      22788
8934      22830
8935      22872
8936      22914
8937      12840
8938      23004
8939      23028
8940      23052
8941      23076
8942      13782
8943      13824
8944      23148
8945      23172
8946      23196
8947      23220
8948      23244
8949      13908
8950      11760
8951      11820
8952      11880
8953      19500
8954      21630
8955      21660
8956      21690
8957      21720
8958      21750
8959      21780
8960      20196
8961      20232
8962      20280
8963      21960
8964      22032
8965      18960
8966      19008
8967      7656
8968      22308
8969      22356
8970      22404
8971      22452
8972      22500
8973      22548
8974      22980
8975      23010
8976      23040
8977      23070
8978      23100
8979      23130
8980      23160
8981      6408
8982      6456
8983      6504
8984      6552
8985      6600
8986      6540
8987      4080
8988      unreachable
8989      3468
8990      3516
8991      3564
8992      3612
8993      23220
8994      23292
8995      23364
8996      23436
8997      23508
8998      23580
8999      23640
9000      24072
9001      24138
9002      24204
9003      24270
9004      24336
9005      24420
9006      19092
9007      19128
9008      19164
9009      24660
9010      24720
9011      19722
9012      19764
9013      19806
9014      24876
9015      24912
9016      24948
9017      24984
9018      25020
9019      21300
9020      22248
9021      22296
9022      22344
9023      22392
9024      8010
9025      8052
9026      8094
9027      8136
9028      8178
9029      9180
9030      9216
9031      22200
9032      22260
9033      22296
9034      22332
9035      22368
9036      14610
9037      14640
9038      10296
9039      10332
9040      10368
9041      10404
9042      10440
9043      10470
9044      10500
9045      10530
9046      22860
9047      22890
9048      22920
9049      22980
9050      14130
9051      14160
9052      14190
9053      14220
9054      14280
9055      23160
9056      23220
9057      23748
9058      23796
9059      23844
9060      23892
9061      23940
9062      23970
9063      24000
9064      12672
9065      12708
9066      12744
9067      12780
9068      12816
9069      12852
9070      12888
9071      12924
9072      10830
9073      10860
9074      10890
9075      19860
9076      19920
9077      19980
9078      20040
9079      11430
9080      11460
9081      11976
9082      12012
9083      12048
9084      12084
9085      12120
9086      12156
9087      21108
9088      21150
9089      21192
9090      21234
9091      21336
9092      8826
9093      8868
9094      8910
9095      8952
9096      22080
9097      22140
9098      10560
9099      20190
9100      20220
9101      20250
9102      20280
9103      20310
9104      20340
9105      20376
9106      20412
9107      20448
9108      20484
9109      20520
9110      20562
9111      20610
9112      20652
9113      20700
9114      20730
9115      20790
9116      20832
9117      20880
9118      20916
9119      20952
9120      20988
9121      21024
9122      21060
9123      21102
9124      21138
9125      12636
9126      21360
9127      21420
9128      11322
9129      11364
9130      11406
9131      11448
9132      22500
9133      64740
9134      unreachable
9135      unreachable
9136      63840
9137      64020
9138      unreachable
9139      unreachable
9140      unreachable
9141      unreachable
9142      unreachable
9143      unreachable
9144      unreachable
9145      unreachable
9146      unreachable
9147      unreachable
9148      unreachable
9149      unreachable
9150      unreachable
9151      unreachable
9152      unreachable
9153      unreachable
9154      5940
9155      6420
9156      5424
9157      5238
9158      5316
9159      5400
9160      26820
9161      21600
9162      57660
9163      58020
9164      7104
9165      7146
9166      58260
9167      5520
9168      60600
9169      62580
9170      62820
9171      62880
9172      62940
9173      63000
9174      63060
9175      63120
9176      65400
9177      65520
9178      65580
9179      65640
9180      65700
9181      65760
9182      63480
9183      63660
9184      64200
9185      64380
9186      85020
9187      19548
9188      19596
9189      19644
9190      19692
9191      10200
9192      10338
9193      10416
9194      10494
9195      10572
9196      10650
9197      10740
9198      10764
9199      10788
9200      10812
9201      10836
9202      10860
9203      10884
9204      10920
9205      8670
9206      9240
9207      9288
9208      9336
9209      9384
9210      9432
9211      9480
9212      9510
9213      9540
9214      9570
9215      9600
9216      9630
9217      9660
9218      7482
9219      7524
9220      7566
9221      8100
9222      8160
9223      8220
9224      8280
9225      8340
9226      7158
9227      5760
9228      5820
9229      5898
9230      5976
9231      5466
9232      7020
9233      21660
9234      6516
9235      6600
9236      6660
9237      5400
9238      5490
9239      5580
9240      5640
9241      5916
9242      5964
9243      6012
9244      6060
9245      6156
9246      6204
9247      6252
9248      6300
9249      6360
9250      6408
9251      6456
9252      6504
9253      6552
9254      6600
9255      6660
9256      6696
9257      6732
9258      6768
9259      6804
9260      6840
9261      6900
9262      6990
9263      7080
9264      7116
9265      7152
9266      7188
9267      7224
9268      7260
9269      7326
9270      7392
9271      7458
9272      7524
9273      7590
9274      7680
9275      7752
9276      7824
9277      7896
9278      7968
9279      8040
9280      unreachable
9281      unreachable
9282      unreachable
9283      unreachable
9284      unreachable
9285      8280
9286      8340
9287      6660
9288      6720
9289      6780
9290      6840
9291      7350
9292      7500
9293      6600
9294      6000
9295      6060
9296      4740
9297      unreachable
9298      5310
9299      6120
9300      6180
9301      6240
9302      6540
9303      6612
9304      7056
9305      7092
9306      7128
9307      7164
9308      7200
9309      5220
9310      8772
9311      8820
9312      8868
9313      8916
9314      8964
9315      9012
9316      6000
9317      6060
9318      6120
9319      6180
9320      6240
9321      6300
9322      7092
9323      7164
9324      7236
9325      7320
9326      7362
9327      7404
9328      7446
9329      7488
9330      7530
9331      7572
9332      6840
9333      6900
9334      6222
9335      6264
9336      6306
9337      6300
9338      6372
9339      6432
9340      6480
9341      6522
9342      6606
9343      6660
9344      6702
9345      6744
9346      6786
9347      6720
9348      6780
9349      7200
9350      6168
9351      6216
9352      6264
9353      6312
9354      6540
9355      6588
9356      6660
9357      6732
9358      6804
9359      6876
9360      7002
9361      7044
9362      7086
9363      7128
9364      7170
9365      7212
9366      7254
9367      5748
9368      5796
9369      5844
9370      5892
9371      5940
9372      6540
9373      unreachable
9374      5700
9375      5736
9376      5772
9377      5808
9378      5844
9379      5880
9380      5988
9381      6036
9382      6084
9383      6132
9384      6180
9385      6240
9386      6288
9387      6336
9388      6384
9389      6432
9390      6480
9391      6522
9392      6564
9393      5928
9394      5976
9395      6024
9396      6072
9397      6120
9398      16980
9399      6480
9400      unreachable
9401      18480
9402      6480
9403      6540
9404      6600
9405      6660
9406      6528
9407      6576
9408      6288
9409      6330
9410      6804
9411      6852
9412      6900
9413      6960
9414      7020
9415      7080
9416      7140
9417      7200
9418      7248
9419      7296
9420      7344
9421      7392
9422      7440
9423      7680
9424      6480
9425      7020
9426      8472
9427      8514
9428      16920
9429      9156
9430      9192
9431      9228
9432      9264
9433      9300
9434      17160
9435      17202
9436      17244
9437      17286
9438      17328
9439      17370
9440      17412
9441      17460
9442      17580
9443      17640
9444      17682
9445      17724
9446      17766
9447      17820
9448      17856
9449      17892
9450      17928
9451      17964
9452      5580
9453      5622
9454      5664
9455      5706
9456      5760
9457      5802
9458      5844
9459      5886
9460      17010
9461      17040
9462      17070
9463      17100
9464      17130
9465      17160
9466      17220
9467      17262
9468      17304
9469      17346
9470      18720
9471      18642
9472      18942
9473      18984
9474      19026
9475      19080
9476      19128
9477      19176
9478      19224
9479      19272
9480      19320
9481      7272
9482      7314
9483      7380
9484      8280
9485      8322
9486      8364
9487      8406
9488      8460
9489      18936
9490      18972
9491      19008
9492      19044
9493      19080
9494      19116
9495      19152
9496      19188
9497      19224
9498      19260
9499      19320
9500      19380
9501      19428
9502      19476
9503      19524
9504      17220
9505      17280
9506      17340
9507      5910
9508      5940
9509      5970
9510      6000
9511      19020
9512      19080
9513      19122
9514      20040
9515      19722
9516      19764
9517      19806
9518      19848
9519      19890
9520      20946
9521      20988
9522      21030
9523      21072
9524      21114
9525      17220
9526      17346
9527      17388
9528      17430
9529      17472
9530      17514
9531      17556
9532      18540
9533      18612
9534      18690
9535      18762
9536      18840
9537      9840
9538      9960
9539      10008
9540      10056
9541      10104
9542      10152
9543      10236
9544      10272
9545      19224
9546      19272
9547      19320
9548      19368
9549      19440
9550      19476
9551      19512
9552      19548
9553      19584
9554      19620
9555      9120
9556      9180
9557      9240
9558      9300
9559      19008
9560      19044
9561      19080
9562      19116
9563      19020
9564      19080
9565      19326
9566      19368
9567      19410
9568      19452
9569      19494
9570      19560
9571      19626
9572      19692
9573      19758
9574      8952
9575      9000
9576      8880
9577      8928
9578      8976
9579      9024
9580      9072
9581      9120
9582      20400
9583      8460
9584      6564
9585      6606
9586      6648
9587      6690
9588      6732
9589      6774
9590      6816
9591      6900
9592      6930
9593      6960
9594      8100
9595      8136
9596      8172
9597      8208
9598      8244
9599      8280
9600      8340
9601      8430
9602      8520
9603      8580
9604      8640
9605      8700
9606      9180
9607      9240
9608      9300
9609      7800
9610      7836
9611      7872
9612      7908
9613      7944
9614      7980
9615      8016
9616      8052
9617      8100
9618      8160
9619      8400
9620      unreachable
9621      19140
9622      16260
9623      16332
9624      16404
9625      16440
9626      16470
9627      16500
9628      8700
9629      9444
9630      9480
9631      9546
9632      9960
9633      10020
9634      10080
9635      10140
9636      10500
9637      10680
9638      10740
9639      10770
9640      10380
9641      10860
9642      10560
9643      10680
9644      8388
9645      8436
9646      8484
9647      8532
9648      8580
9649      8628
9650      7824
9651      7860
9652      7920
9653      7962
9654      8004
9655      8046
9656      8088
9657      8130
9658      8172
9659      8214
9660      8256
9661      20400
9662      8256
9663      18996
9664      19044
9665      19092
9666      19140
9667      19200
9668      13260
9669      13320
9670      13380
9671      13440
9672      13500
9673      19620
9674      19680
9675      19740
9676      19800
9677      19860
9678      19920
9679      19962
9680      20004
9681      20046
9682      20088
9683      20130
9684      20172
9685      20214
9686      19500
9687      19824
9688      20868
9689      20916
9690      20964
9691      21012
9692      21060
9693      21108
9694      21180
9695      21300
9696      21198
9697      21588
9698      21636
9699      21684
9700      21732
9701      21780
9702      18564
9703      19056
9704      19092
9705      19128
9706      19164
9707      19200
9708      19260
9709      19320
9710      19380
9711      19440
9712      19500
9713      19560
9714      19632
9715      19704
9716      19260
9717      19320
9718      19380
9719      19620
9720      19680
9721      19728
9722      19776
9723      20226
9724      20268
9725      20310
9726      19080
9727      12480
9728      12522
9729      12564
9730      12606
9731      12648
9732      12690
9733      12732
9734      12774
9735      12816
9736      12858
9737      12900
9738      12942
9739      12984
9740      13026
9741      13068
9742      13110
9743      13152
9744      18624
9745      18672
9746      18720
9747      9480
9748      18840
9749      18900
9750      18960
9751      19020
9752      19140
9753      19260
9754      19296
9755      19332
9756      19380
9757      19440
9758      19500
9759      19560
9760      19590
9761      19620
9762      19650
9763      19680
9764      19710
9765      7092
9766      7140
9767      7176
9768      7212
9769      20160
9770      7320
9771      6240
9772      6318
9773      6396
9774      6780
9775      6816
9776      18252
9777      18288
9778      18324
9779      18360
9780      16620
9781      16662
9782      16704
9783      18600
9784      18636
9785      18672
9786      18708
9787      18744
9788      18780
9789      18840
9790      18900
9791      18960
9792      19020
9793      19080
9794      19140
9795      19200
9796      19434
9797      8790
9798      8820
9799      10092
9800      10140
9801      10188
9802      10236
9803      10284
9804      10332
9805      10380
9806      10428
9807      10476
9808      10524
9809      10572
9810      10620
9811      16980
9812      19704
9813      16746
9814      5040
9815      24420
9816      24510
9817      5400
9818      6120
9819      6900
9820      6810
9821      5976
9822      6012
9823      6048
9824      7440
9825      7470
9826      7500
9827      7560
9828      7596
9829      7632
9830      7668
9831      7704
9832      7740
9833      7800
9834      6402
9835      6444
9836      6486
9837      6540
9838      6960
9839      6990
9840      7020
9841      7050
9842      18948
9843      18948
9844      18972
9845      18996
9846      unreachable
9847      unreachable
9848      unreachable
9849      7110
9850      7140
9851      7170
9852      7200
9853      5544
9854      5922
9855      5964
9856      6006
9857      9000
9858      9030
9859      9060
9860      9090
9861      9120
9862      9150
9863      9180
9864      9240
9865      9270
9866      9300
9867      9330
9868      7230
9869      7272
9870      7314
9871      7356
9872      6420
9873      7080
9874      7110
9875      7140
9876      7170
9877      7200
9878      7260
9879      7290
9880      6900
9881      6930
9882      6960
9883      6990
9884      7020
9885      7050
9886      7080
9887      19800
9888      4920
9889      6402
9890      6444
9891      6486
9892      6528
9893      6570
9894      6612
9895      16980
9896      6960
9897      18180
9898      18240
9899      18288
9900      18336
9901      18384
9902      18432
9903      8664
9904      18810
9905      18840
9906      18870
9907      18900
9908      18924
9909      unreachable
9910      unreachable
9911      unreachable
9912      unreachable
9913      8112
9914      8148
9915      5580
9916      18732
9917      18768
9918      18804
9919      18840
9920      18900
9921      18960
9922      6360
9923      6408
9924      6456
9925      4584
9926      4632
9927      4680
9928      4740
9929      unreachable
9930      unreachable
9931      unreachable
9932      unreachable
9933      unreachable
9934      unreachable
9935      unreachable
9936      unreachable
9937      unreachable
9938      unreachable
9939      unreachable
9940      unreachable
9941      unreachable
9942      20940
9943      21378
9944      21456
9945      21540
9946      21612
9947      21684
9948      21756
9949      21828
9950      18060
9951      18108
9952      18156
9953      18204
9954      18252
9955      8706
9956      unreachable
9957      unreachable
9958      16476
9959      17160
9960      17202
9961      17244
9962      17286
9963      17340
9964      17400
9965      17460
9966      17520
9967      17580
9968      17640
9969      17700
9970      17760
9971      17838
9972      17916
9973      9480
9974      9510
9975      10824
9976      10866
9977      10908
9978      10950
9979      10992
9980      11034
9981      11100
9982      11130
9983      7200
9984      18600
9985      18648
9986      18696
9987      18744
9988      18792
9989      18840
9990      18900
9991      18960
9992      19020
9993      19080
9994      19602
9995      19644
9996      19686
9997      19740
9998      19788
9999      19836
10000     19884
10001     19932
10002     19980
10003     20040
10004     7320
10005     7362
10006     7404
10007     7446
10008     7488
10009     7530
10010     7572
10011     7614
10012     7320
10013     7806
10014     7872
10015     7938
10016     8004
10017     8070
10018     8136
10019     8202
10020     8268
10021     8340
10022     8400
10023     8460
10024     8520
10025     8580
10026     17748
10027     17796
10028     17940
10029     18000
10030     21120
10031     21342
10032     21384
10033     21426
10034     21480
10035     21546
10036     21612
10037     16932
10038     16968
10039     10980
10040     19176
10041     12300
10042     12360
10043     12420
10044     17328
10045     19860
10046     19920
10047     19980
10048     13488
10049     13536
10050     13584
10051     13632
10052     9420
10053     20640
10054     20880
10055     9804
10056     19080
10057     9876
10058     8580
10059     8622
10060     8664
10061     19824
10062     19872
10063     19920
10064     19584
10065     19620
10066     10680
10067     10740
10068     10800
10069     10860
10070     20664
10071     12120
10072     12180
10073     20790
10074     20832
10075     20874
10076     20940
10077     20976
10078     21012
10079     21048
10080     21084
10081     22680
10082     22722
10083     22764
10084     23244
10085     33060
10086     22980
10087     23040
10088     23100
10089     23160
10090     23220
10091     23280
10092     23340
10093     23400
10094     23460
10095     23520
10096     17808
10097     17856
10098     17670
10099     17700
10100     17760
10101     9960
10102     10008
10103     19500
10104     19560
10105     19620
10106     19680
10107     8640
10108     8754
10109     10512
10110     17352
10111     17424
10112     17496
10113     17700
10114     17748
10115     17796
10116     17844
10117     17892
10118     8496
10119     8538
10120     8760
10121     8850
10122     8880
10123     8910
10124     8940
10125     18840
10126     18900
10127     18960
10128     19020
10129     19080
10130     19140
10131     19200
10132     19260
10133     19320
10134     19380
10135     19440
10136     32220
10137     20172
10138     20220
10139     20268
10140     19500
10141     21660
10142     21930
10143     21960
10144     18744
10145     13752
10146     13800
10147     10176
10148     10224
10149     10272
10150     10320
10151     10368
10152     10416
10153     10464
10154     19080
10155     8160
10156     8202
10157     8244
10158     8286
10159     8328
10160     8370
10161     8412
10162     8454
10163     20220
10164     20400
10165     20460
10166     21480
10167     21540
10168     21600
10169     23292
10170     23340
10171     23388
10172     23460
10173     23496
10174     23532
10175     23568
10176     23604
10177     23160
10178     23220
10179     19836
10180     21540
10181     21636
10182     22200
10183     22260
10184     22320
10185     22380
10186     22440
10187     22500
10188     22620
10189     19416
10190     19452
10191     19488
10192     19524
10193     19836
10194     19878
10195     19704
10196     19512
10197     19584
10198     19656
10199     19812
10200     19848
10201     19884
10202     19920
10203     19980
10204     20028
10205     20076
10206     20124
10207     22488
10208     22530
10209     9510
10210     19020
10211     19068
10212     19116
10213     19164
10214     19212
10215     32736
10216     32820
10217     32880
10218     19260
10219     19308
10220     19356
10221     19440
10222     19506
10223     19572
10224     19638
10225     19704
10226     19770
10227     19920
10228     unreachable
10229     20220
10230     20280
10231     20340
10232     20400
10233     20460
10234     20520
10235     20568
10236     20616
10237     20664
10238     32304
10239     32400
10240     32436
10241     20712
10242     20760
10243     20808
10244     20856
10245     20904
10246     21000
10247     21036
10248     21072
10249     21108
10250     20160
10251     21840
10252     21960
10253     21984
10254     22008
10255     22032
10256     22056
10257     19356
10258     19404
10259     19452
10260     19500
10261     19560
10262     19596
10263     19632
10264     19668
10265     19860
10266     20010
10267     20160
10268     11172
10269     9420
10270     9300
10271     11838
10272     13560
10273     13620
10274     13680
10275     19230
10276     19272
10277     19314
10278     19380
10279     19428
10280     19476
10281     19524
10282     19572
10283     19776
10284     19812
10285     19848
10286     20340
10287     20442
10288     20544
10289     20820
10290     21042
10291     21084
10292     21126
10293     21168
10294     21210
10295     21252
10296     21294
10297     21336
10298     21378
10299     13170
10300     13302
10301     18336
10302     18384
10303     19980
10304     20040
10305     20100
10306     20148
10307     20196
10308     19080
10309     unreachable
10310     22140
10311     22194
10312     22236
10313     22278
10314     22320
10315     22380
10316     19974
10317     20016
10318     20058
10319     20100
10320     20238
10321     20316
10322     20406
10323     20448
10324     20490
10325     20532
10326     20574
10327     20616
10328     20658
10329     20700
10330     20742
10331     unreachable
10332     unreachable
10333     unreachable
10334     unreachable
10335     unreachable
10336     unreachable
10337     unreachable
10338     22572
10339     22608
10340     22644
10341     19452
10342     19500
10343     19560
10344     19596
10345     19848
10346     19890
10347     19932
10348     18432
10349     18480
10350     18528
10351     18576
10352     18510
10353     19080
10354     19200
10355     19236
10356     19272
10357     19560
10358     19596
10359     19632
10360     19668
10361     19884
10362     19920
10363     20004
10364     20088
10365     20172
10366     19572
10367     19608
10368     19644
10369     19680
10370     19716
10371     19752
10372     19788
10373     20208
10374     20244
10375     20280
10376     20316
10377     20352
10378     20388
10379     20424
10380     20460
10381     20496
10382     20532
10383     20640
10384     20682
10385     20766
10386     20808
10387     20850
10388     21384
10389     21426
10390     21480
10391     21936
10392     21972
10393     21300
10394     21360
10395     21420
10396     21600
10397     21660
10398     21720
10399     21780
10400     21840
10401     21900
10402     22440
10403     22470
10404     22500
10405     22530
10406     22560
10407     22590
10408     22620
10409     22650
10410     22680
10411     10920
10412     11040
10413     11100
10414     11148
10415     11340
10416     11388
10417     11436
10418     8856
10419     8904
10420     8952
10421     9000
10422     9060
10423     10092
10424     10200
10425     10320
10426     unreachable
10427     11244
10428     11316
10429     11388
10430     11460
10431     11490
10432     11520
10433     11550
10434     11580
10435     11640
10436     11700
10437     11940
10438     12000
10439     12060
10440     12240
10441     13560
10442     unreachable
10443     18672
10444     18708
10445     18744
10446     18780
10447     18816
10448     18852
10449     10680
10450     10728
10451     10776
10452     10824
10453     10872
10454     10920
10455     10980
10456     11022
10457     11064
10458     11106
10459     11148
10460     11190
10461     11232
10462     11274
10463     11316
10464     11400
10465     20040
10466     20100
10467     20160
10468     20220
10469     20280
10470     20340
10471     20376
10472     20412
10473     20460
10474     20502
10475     20544
10476     20586
10477     20628
10478     20670
10479     20712
10480     20760
10481     21036
10482     21072
10483     21108
10484     21144
10485     21180
10486     21240
10487     21300
10488     21360
10489     20448
10490     20904
10491     20946
10492     12180
10493     12216
10494     12252
10495     12300
10496     12336
10497     12372
10498     12408
10499     12444
10500     12480
10501     12516
10502     12552
10503     12588
10504     12660
10505     12714
10506     12768
10507     12822
10508     12876
10509     12930
10510     18600
10511     18642
10512     18684
10513     18726
10514     18768
10515     18810
10516     18852
10517     19260
10518     unreachable
10519     20250
10520     20280
10521     20310
10522     20700
10523     20760
10524     20820
10525     20742
10526     19980
10527     7692
10528     7728
10529     7764
10530     7800
10531     20550
10532     20580
10533     20160
10534     18702
10535     19344
10536     19416
10537     19488
10538     19560
10539     16824
10540     16896
10541     16968
10542     17040
10543     8760
10544     17184
10545     17700
10546     17760
10547     17820
10548     17880
10549     17940
10550     8562
10551     8640
10552     8880
10553     8940
10554     9000
10555     9660
10556     9690
10557     9720
10558     18156
10559     18192
10560     18240
10561     18288
10562     18336
10563     6000
10564     6060
10565     6120
10566     12948
10567     12996
10568     13044
10569     19200
10570     19260
10571     19320
10572     6624
10573     6672
10574     6480
10575     6558
10576     6636
10577     6756
10578     20220
10579     20280
10580     20340
10581     20400
10582     20472
10583     20544
10584     18240
10585     18300
10586     18372
10587     18444
10588     18516
10589     20940
10590     21000
10591     21060
10592     17040
10593     16680
10594     21840
10595     19212
10596     19248
10597     19284
10598     19320
10599     19356
10600     20646
10601     20712
10602     20778
10603     20976
10604     21060
10605     21108
10606     21156
10607     21780
10608     21840
10609     21900
10610     21960
10611     20928
10612     22050
10613     22080
10614     22110
10615     22140
10616     22170
10617     22200
10618     22248
10619     22296
10620     22344
10621     22524
10622     22566
10623     22608
10624     22650
10625     22692
10626     22740
10627     unreachable
10628     unreachable
10629     unreachable
10630     unreachable
10631     unreachable
10632     unreachable
10633     22632
10634     22668
10635     22704
10636     22740
10637     22776
10638     22812
10639     22848
10640     22884
10641     20088
10642     20130
10643     20640
10644     20700
10645     20760
10646     20820
10647     20364
10648     20412
10649     20460
10650     20502
10651     20544
10652     20550
10653     20592
10654     20634
10655     19926
10656     19968
10657     20010
10658     20052
10659     20880
10660     unreachable
10661     7224
10662     21480
10663     21510
10664     21540
10665     21660
10666     21780
10667     22218
10668     22296
10669     22380
10670     22416
10671     22452
10672     22488
10673     22524
10674     22560
10675     22632
10676     22668
10677     22740
10678     23448
10679     23484
10680     23520
10681     23556
10682     23592
10683     23640
10684     23700
10685     23760
10686     23820
10687     20652
10688     20700
10689     20730
10690     20760
10691     21420
10692     20802
10693     20844
10694     20886
10695     20940
10696     21000
10697     21132
10698     21204
10699     21276
10700     20760
10701     20796
10702     20832
10703     20868
10704     17940
10705     17976
10706     18012
10707     18048
10708     18084
10709     18120
10710     18180
10711     18210
10712     18240
10713     18270
10714     18300
10715     18330
10716     18360
10717     18180
10718     21660
10719     15720
10720     15750
10721     15780
10722     15810
10723     15840
10724     15870
10725     15900
10726     15960
10727     16020
10728     16080
10729     16122
10730     16164
10731     16206
10732     18588
10733     8220
10734     8292
10735     8328
10736     8364
10737     8400
10738     8460
10739     17940
10740     19572
10741     19644
10742     19680
10743     19740
10744     19782
10745     19824
10746     19866
10747     20640
10748     21240
10749     21288
10750     21336
10751     21384
10752     21432
10753     21480
10754     16530
10755     10146
10756     10188
10757     10230
10758     10272
10759     10314
10760     9540
10761     9570
10762     9600
10763     9630
10764     9660
10765     9702
10766     9744
10767     10068
10768     10104
10769     10140
10770     10176
10771     10212
10772     unreachable
10773     unreachable
10774     6426
10775     6492
10776     6558
10777     6624
10778     6690
10779     6756
10780     6822
10781     6888
10782     6954
10783     7020
10784     7062
10785     7104
10786     7146
10787     7188
10788     7230
10789     7272
10790     7404
10791     23184
10792     7488
10793     7560
10794     7620
10795     7680
10796     8490
10797     8520
10798     8550
10799     8580
10800     8610
10801     8640
10802     19500
10803     19710
10804     19848
10805     19890
10806     19932
10807     19974
10808     20040
10809     20100
10810     20268
10811     20316
10812     20364
10813     19260
10814     19320
10815     8808
10816     8856
10817     8904
10818     10308
10819     10344
10820     10440
10821     20556
10822     21660
10823     21720
10824     21780
10825     21900
10826     21960
10827     22020
10828     22086
10829     22152
10830     22218
10831     22284
10832     18840
10833     19200
10834     unreachable
10835     19080
10836     19260
10837     19320
10838     19380
10839     19440
10840     19560
10841     19620
10842     19680
10843     19740
10844     19800
10845     19860
10846     19908
10847     20052
10848     16752
10849     7206
10850     8832
10851     7260
10852     unreachable
10853     8820
10854     18588
10855     18660
10856     19716
10857     19812
10858     19860
10859     20172
10860     20304
10861     20370
10862     20436
10863     20502
10864     unreachable
10865     19440
10866     19500
10867     19560
10868     19596
10869     19632
10870     19668
10871     19704
10872     19740
10873     16296
10874     16344
10875     16392
10876     16440
10877     16500
10878     16560
10879     16620
10880     17256
10881     17328
10882     17400
10883     6936
10884     6972
10885     7020
10886     8016
10887     8052
10888     17652
10889     17700
10890     17742
10891     17784
10892     17826
10893     17868
10894     17910
10895     17952
10896     7860
10897     7236
10898     7272
10899     7308
10900     7344
10901     18180
10902     18480
10903     18540
10904     19620
10905     19656
10906     19692
10907     18780
10908     9780
10909     17424
10910     17466
10911     17508
10912     17550
10913     17592
10914     17634
10915     17700
10916     17748
10917     9216
10918     7020
10919     17892
10920     17940
10921     17988
10922     18060
10923     18120
10924     18180
10925     18744
10926     18786
10927     18840
10928     18900
10929     18960
10930     19020
10931     19140
10932     19200
10933     19260
10934     19290
10935     19320
10936     8868
10937     17316
10938     17400
10939     17478
10940     7152
10941     7200
10942     17682
10943     17724
10944     17766
10945     17976
10946     18054
10947     18132
10948     18300
10949     18720
10950     18642
10951     18684
10952     19020
10953     19356
10954     19434
10955     16440
10956     16500
10957     16560
10958     11160
10959     7800
10960     7860
10961     20160
10962     20190
10963     8730
10964     8760
10965     8790
10966     20700
10967     21660
10968     20544
10969     20592
10970     7182
10971     7224
10972     7266
10973     7308
10974     7350
10975     7392
10976     7434
10977     7476
10978     7518
10979     7560
10980     7602
10981     7644
10982     7686
10983     7740
10984     6804
10985     6852
10986     6900
10987     6720
10988     6780
10989     6840
10990     8400
10991     8442
10992     8484
10993     8526
10994     8568
10995     8610
10996     8652
10997     8694
10998     6264
10999     6978
11000     7020
11001     7062
11002     7104
11003     7146
11004     7236
11005     7278
11006     18420
11007     18480
11008     18540
11009     18600
11010     8580
11011     8640
11012     18864
11013     18912
11014     18960
11015     19008
11016     19056
11017     19104
11018     19152
11019     19200
11020     8820
11021     8886
11022     8952
11023     9018
11024     19536
11025     19578
11026     19620
11027     19656
11028     19698
11029     19740
11030     19776
11031     9132
11032     9180
11033     9660
11034     9252
11035     18456
11036     18504
11037     18552
11038     18600
11039     18660
11040     6588
11041     6624
11042     12396
11043     12432
11044     12468
11045     18492
11046     18540
11047     18600
11048     18660
11049     18720
11050     7722
11051     7764
11052     7806
11053     7860
11054     19782
11055     19824
11056     19866
11057     18684
11058     18732
11059     18780
11060     18828
11061     8196
11062     8232
11063     8268
11064     8340
11065     20640
11066     20676
11067     20712
11068     20748
11069     20784
11070     20820
11071     20892
11072     20964
11073     19386
11074     21180
11075     20676
11076     20760
11077     19860
11078     19896
11079     16464
11080     16488
11081     16512
11082     16536
11083     16560
11084     16584
11085     16620
11086     16662
11087     16980
11088     20100
11089     20160
11090     20184
11091     20208
11092     20232
11093     20256
11094     20280
11095     20304
11096     14982
11097     15024
11098     15066
11099     15108
11100     15150
11101     15192
11102     16056
11103     16092
11104     16140
11105     16596
11106     8100
11107     7602
11108     7644
11109     7686
11110     7740
11111     8310
11112     8352
11113     8520
11114     5340
11115     5436
11116     5484
11117     5532
11118     5580
11119     5628
11120     5676
11121     5760
11122     19560
11123     19800
11124     9000
11125     9042
11126     9084
11127     9126
11128     9168
11129     9210
11130     9252
11131     9300
11132     20136
11133     20172
11134     20208
11135     20244
11136     20280
11137     20316
11138     20352
11139     20388
11140     20424
11141     20460
11142     20520
11143     20556
11144     20592
11145     20628
11146     20664
11147     20700
11148     20736
11149     20772
11150     20808
11151     20880
11152     20910
11153     20940
11154     20970
11155     21000
11156     21030
11157     21060
11158     21120
11159     21168
11160     21216
11161     21264
11162     21312
11163     21360
11164     22860
11165     23076
11166     23112
11167     23148
11168     23184
11169     23220
11170     23280
11171     23328
11172     23376
11173     23424
11174     23472
11175     22800
11176     22860
11177     23142
11178     23184
11179     23226
11180     23268
11181     23310
11182     22170
11183     22674
11184     22716
11185     22758
11186     22800
11187     22848
11188     22896
11189     22944
11190     22992
11191     23040
11192     23100
11193     23160
11194     23220
11195     23280
11196     23340
11197     19980
11198     20016
11199     20052
11200     20088
11201     20124
11202     20160
11203     6690
11204     7464
11205     7512
11206     7560
11207     7632
11208     7704
11209     7776
11210     7380
11211     7422
11212     7464
11213     7506
11214     6960
11215     7026
11216     7092
11217     7146
11218     7200
11219     7380
11220     7452
11221     7524
11222     7596
11223     7680
11224     7728
11225     7776
11226     7752
11227     7596
11228     22632
11229     22680
11230     22728
11231     22776
11232     8220
11233     23508
11234     23550
11235     23592
11236     23634
11237     23676
11238     unreachable
11239     18420
11240     18480
11241     19440
11242     21252
11243     21600
11244     21660
11245     21720
11246     21780
11247     21840
11248     21900
11249     7080
11250     16560
11251     16620
11252     22380
11253     23340
11254     23400
11255     20418
11256     15726
11257     15768
11258     4968
11259     8700
11260     5004
11261     5076
11262     21648
11263     21696
11264     21744
11265     21792
11266     21840
11267     21888
11268     21960
11269     22200
11270     18600
11271     18660
11272     18720
11273     18840
11274     6720
11275     17838
11276     17916
11277     18000
11278     18036
11279     18240
11280     18276
11281     18312
11282     18348
11283     18384
11284     5640
11285     5712
11286     5784
11287     5856
11288     5928
11289     6000
11290     6048
11291     6096
11292     6144
11293     6192
11294     6240
11295     6300
11296     6360
11297     6480
11298     6540
11299     6600
11300     16890
11301     17364
11302     17406
11303     17460
11304     17508
11305     17556
11306     17604
11307     17652
11308     17700
11309     17736
11310     17772
11311     17808
11312     17844
11313     17880
11314     17916
11315     17952
11316     17988
11317     18024
11318     18060
11319     4356
11320     4392
11321     4428
11322     4464
11323     4500
11324     4536
11325     4620
11326     4692
11327     4764
11328     4836
11329     4920
11330     5160
11331     5508
11332     unreachable
11333     12504
11334     12540
11335     17592
11336     17628
11337     17664
11338     17700
11339     17736
11340     17772
11341     17820
11342     17880
11343     17940
11344     6552
11345     18060
11346     7296
11347     7344
11348     7530
11349     23400
11350     19800
11351     6300
11352     6720
11353     6780
11354     6780
11355     9024
11356     6972
11357     7008
11358     7044
11359     7080
11360     7140
11361     7200
11362     19290
11363     19320
11364     19350
11365     6516
11366     6552
11367     18900
11368     21900
11369     22080
11370     22140
11371     22200
11372     22260
11373     22320
11374     22380
11375     22440
11376     22680
11377     22722
11378     22770
11379     22812
11380     22860
11381     22902
11382     22950
11383     22992
11384     23280
11385     23322
11386     23364
11387     23406
11388     23448
11389     23490
11390     23532
11391     23580
11392     23640
11393     23700
11394     23760
11395     23820
11396     23886
11397     23952
11398     24024
11399     24090
11400     22806
11401     22848
11402     23700
11403     23760
11404     23820
11405     23868
11406     23916
11407     23964
11408     24012
11409     24060
11410     24102
11411     24144
11412     24186
11413     24228
11414     24270
11415     24312
11416     24360
11417     22908
11418     22962
11419     23016
11420     23064
11421     23118
11422     23172
11423     23220
11424     23280
11425     23520
11426     23580
11427     23640
11428     23700
11429     23736
11430     23778
11431     23820
11432     23958
11433     24096
11434     24240
11435     20700
11436     21348
11437     21396
11438     21444
11439     7146
11440     7188
11441     7230
11442     7260
11443     20688
11444     20724
11445     20820
11446     20880
11447     20940
11448     21000
11449     21060
11450     21672
11451     21744
11452     21816
11453     21900
11454     20196
11455     20244
11456     7080
11457     6084
11458     6120
11459     6156
11460     20568
11461     20604
11462     20640
11463     20952
11464     17160
11465     6990
11466     11700
11467     12036
11468     12072
11469     12108
11470     12144
11471     13320
11472     8880
11473     10320
11474     11460
11475     11520
11476     11580
11477     11640
11478     21840
11479     21780
11480     21810
11481     29490
11482     37584
11483     37620
11484     37680
11485     37740
11486     21720
11487     21756
11488     21792
11489     37500
11490     29724
11491     29766
11492     29808
11493     39000
11494     39030
11495     39066
11496     39120
11497     39162
11498     39234
11499     39300
11500     39330
11501     39360
11502     39390
11503     39420
11504     39450
11505     39480
11506     39510
11507     39540
11508     39600
11509     39696
11510     39798
11511     39900
11512     39960
11513     40002
11514     40044
11515     40080
11516     40116
11517     40140
11518     40224
11519     40332
11520     21846
11521     21900
11522     22470
11523     22500
11524     21360
11525     21390
11526     21420
11527     20610
11528     20640
11529     20670
11530     20700
11531     20886
11532     21174
11533     19260
11534     8700
11535     9156
11536     9300
11537     9336
11538     9372
11539     9420
11540     9438
11541     9456
11542     9474
11543     9492
11544     9528
11545     9546
11546     9600
11547     9672
11548     unreachable
11549     19680
11550     19722
11551     19764
11552     19806
11553     19848
11554     20028
11555     20076
11556     20124
11557     20220
11558     20292
11559     20364
11560     20436
11561     20520
11562     20598
11563     16956
11564     16992
11565     20466
11566     19560
11567     19608
11568     19746
11569     19812
11570     19878
11571     8496
11572     8580
11573     9102
11574     20820
11575     20880
11576     20922
11577     20964
11578     21006
11579     21060
11580     21120
11581     21180
11582     21240
11583     10626
11584     10668
11585     10710
11586     10752
11587     21780
11588     21840
11589     21900
11590     21960
11591     22020
11592     22080
11593     22140
11594     22200
11595     22260
11596     22320
11597     22380
11598     22440
11599     22854
11600     22908
11601     22962
11602     23016
11603     23070
11604     23124
11605     23178
11606     23232
11607     23286
11608     23340
11609     23400
11610     23460
11611     19800
11612     21648
11613     21696
11614     21744
11615     19380
11616     19440
11617     19500
11618     55872
11619     20760
11620     20784
11621     20808
11622     20832
11623     20856
11624     20730
11625     20760
11626     20790
11627     20820
11628     20850
11629     20880
11630     29760
11631     6966
11632     6996
11633     7032
11634     7062
11635     7092
11636     7128
11637     7872
11638     7908
11639     8130
11640     8166
11641     8196
11642     21060
11643     21090
11644     21180
11645     8196
11646     8226
11647     8256
11648     8292
11649     57072
11650     57144
11651     57660
11652     30534
11653     37980
11654     37830
11655     21060
11656     18300
11657     20820
11658     39360
11659     19200
11660     19230
11661     19260
11662     36900
11663     21048
11664     21096
11665     20256
11666     20292
11667     20328
11668     20364
11669     20400
11670     20460
11671     20508
11672     20556
11673     41244
11674     35340
11675     18360
11676     18408
11677     18480
11678     18516
11679     18552
11680     18588
11681     18624
11682     18660
11683     19332
11684     19380
11685     19428
11686     20700
11687     20730
11688     20760
11689     37320
11690     19260
11691     19332
11692     9072
11693     9180
11694     21660
11695     9300
11696     9360
11697     9420
11698     18372
11699     18396
11700     18420
11701     18444
11702     37920
11703     37980
11704     38076
11705     18480
11706     18540
11707     7404
11708     7446
11709     7488
11710     7530
11711     46362
11712     46464
11713     46566
11714     46680
11715     unreachable
11716     unreachable
11717     unreachable
11718     21270
11719     21312
11720     21360
11721     19488
11722     19560
11723     19668
11724     19704
11725     5724
11726     5772
11727     5820
11728     19398
11729     19860
11730     21648
11731     21948
11732     21996
11733     22296
11734     19230
11735     21420
11736     21660
11737     21720
11738     21780
11739     19470
11740     19500
11741     19530
11742     19560
11743     19590
11744     19620
11745     19680
11746     19716
11747     19752
11748     19800
11749     19830
11750     19860
11751     19890
11752     19920
11753     19992
11754     20064
11755     20136
11756     20208
11757     10056
11758     10104
11759     10152
11760     10200
11761     10248
11762     21672
11763     21708
11764     21744
11765     21780
11766     20352
11767     20424
11768     20496
11769     20568
11770     20640
11771     20670
11772     20700
11773     20760
11774     20820
11775     20880
11776     20940
11777     20988
11778     21036
11779     21084
11780     21132
11781     20640
11782     21312
11783     21348
11784     21384
11785     19080
11786     19182
11787     19284
11788     6060
11789     6180
11790     6780
11791     5220
11792     5280
11793     5340
11794     8700
11795     8760
11796     8820
11797     8862
11798     9072
11799     9072
11800     5820
11801     5100
11802     5310
11803     5400
11804     5460
11805     5520
11806     5580
11807     5640
11808     5688
11809     5736
11810     5784
11811     5832
11812     5880
11813     6180
11814     6420
11815     6720
11816     6780
11817     6840
11818     6900
11819     6960
11820     7002
11821     7044
11822     7086
11823     6276
11824     7350
11825     24240
11826     24630
11827     21300
11828     21360
11829     21396
11830     21444
11831     21492
11832     21540
11833     21948
11834     21996
11835     22044
11836     22140
11837     22260
11838     21270
11839     21360
11840     21402
11841     21450
11842     22476
11843     20880
11844     20940
11845     21000
11846     21096
11847     23880
11848     23940
11849     24210
11850     23220
11851     22020
11852     22080
11853     22170
11854     23040
11855     22470
11856     22560
11857     22650
11858     22740
11859     22800
11860     23130
11861     25200
11862     25236
11863     25272
11864     25320
11865     25440
11866     25560
11867     25626
11868     26568
11869     26640
11870     26712
11871     26784
11872     26880
11873     27120
11874     27156
11875     27192
11876     27840
11877     28140
11878     39288
11879     39336
11880     39384
11881     39432
11882     39480
11883     39570
11884     39600
11885     39630
11886     39660
11887     39690
11888     39720
11889     39750
11890     39780
11891     39810
11892     39840
11893     39900
11894     39930
11895     39960
11896     39990
11897     40020
11898     40050
11899     40080
11900     40110
11901     40140
11902     40200
11903     40230
11904     36960
11905     37008
11906     37056
11907     37104
11908     37152
11909     21120
11910     21372
11911     21660
11912     21600
11913     21630
11914     21660
11915     21690
11916     21720
11917     22020
11918     22056
11919     22092
11920     22128
11921     20196
11922     20292
11923     20400
11924     17820
11925     17850
11926     17880
11927     17910
11928     17940
11929     20976
11930     21048
11931     unreachable
11932     unreachable
11933     unreachable
11934     unreachable
11935     unreachable
11936     unreachable
11937     unreachable
11938     unreachable
11939     unreachable
11940     unreachable
11941     unreachable
11942     unreachable
11943     unreachable
11944     unreachable
11945     unreachable
11946     unreachable
11947     unreachable
11948     unreachable
11949     unreachable
11950     unreachable
11951     unreachable
11952     unreachable
11953     unreachable
11954     unreachable
11955     unreachable
11956     unreachable
11957     unreachable
11958     unreachable
11959     unreachable
11960     unreachable
11961     unreachable
11962     unreachable
11963     unreachable
11964     unreachable
11965     unreachable
11966     unreachable
11967     unreachable
11968     unreachable
11969     unreachable
11970     unreachable
11971     unreachable
11972     unreachable
11973     unreachable
11974     unreachable
11975     unreachable
11976     unreachable
11977     unreachable
11978     unreachable
11979     unreachable
11980     unreachable
11981     unreachable
11982     unreachable
11983     unreachable
11984     unreachable
11985     unreachable
11986     unreachable
11987     unreachable
11988     6318
11989     6360
11990     23280
11991     23340
11992     23400
11993     23460
11994     23520
11995     23580
11996     23760
11997     23820
11998     23880
11999     23940
12000     24000
12001     24072
12002     24144
12003     24216
12004     24300
12005     24660
12006     24720
12007     24780
12008     24072
12009     24144
12010     24216
12011     24288
12012     24360
12013     24402
12014     24444
12015     24486
12016     24528
12017     24570
12018     24612
12019     24654
12020     6990
12021     7032
12022     7080
12023     unreachable
12024     18036
12025     18084
12026     18132
12027     18180
12028     18228
12029     18276
12030     18360
12031     18420
12032     7884
12033     7956
12034     18684
12035     18756
12036     18828
12037     18900
12038     16494
12039     16560
12040     19044
12041     19128
12042     6330
12043     unreachable
12044     18504
12045     18606
12046     17640
12047     17706
12048     18888
12049     18936
12050     18984
12051     19032
12052     18660
12053     18720
12054     18780
12055     19266
12056     19320
12057     19356
12058     19392
12059     19428
12060     19464
12061     19500
12062     19536
12063     20916
12064     19056
12065     19104
12066     19152
12067     19200
12068     20100
12069     20160
12070     20220
12071     20280
12072     21042
12073     21084
12074     21180
12075     21222
12076     34920
12077     34980
12078     35040
12079     35100
12080     35160
12081     35220
12082     35250
12083     36480
12084     36552
12085     36624
12086     36696
12087     36780
12088     21372
12089     18120
12090     19782
12091     19824
12092     19866
12093     19920
12094     19998
12095     20076
12096     6888
12097     6936
12098     6984
12099     7032
12100     5040
12101     5100
12102     5160
12103     7020
12104     7062
12105     7200
12106     7290
12107     5640
12108     5700
12109     5760
12110     5820
12111     5880
12112     5940
12113     6300
12114     6348
12115     6396
12116     6444
12117     6492
12118     6540
12119     6588
12120     17280
12121     17844
12122     17886
12123     20412
12124     20520
12125     20550
12126     20640
12127     20670
12128     20700
12129     20730
12130     20760
12131     20796
12132     20832
12133     20940
12134     20976
12135     21012
12136     21048
12137     21120
12138     21162
12139     21204
12140     21246
12141     5700
12142     5760
12143     5820
12144     21540
12145     5880
12146     5928
12147     5976
12148     19770
12149     19800
12150     19830
12151     19860
12152     19890
12153     19956
12154     19992
12155     20028
12156     20064
12157     20100
12158     20172
12159     20208
12160     20280
12161     20310
12162     20340
12163     20370
12164     20400
12165     20520
12166     20580
12167     20658
12168     15960
12169     16008
12170     23640
12171     24048
12172     24096
12173     24144
12174     24192
12175     24240
12176     24300
12177     20964
12178     21006
12179     21048
12180     21090
12181     21132
12182     16968
12183     17004
12184     21630
12185     21672
12186     22200
12187     22260
12188     22320
12189     21720
12190     21780
12191     21810
12192     21840
12193     21870
12194     22302
12195     22344
12196     7110
12197     7140
12198     22920
12199     22950
12200     22980
12201     23010
12202     23040
12203     23370
12204     23460
12205     18720
12206     23580
12207     5580
12208     5820
12209     5868
12210     5916
12211     5964
12212     3864
12213     3912
12214     3960
12215     4212
12216     4278
12217     5160
12218     7926
12219     5340
12220     5436
12221     5472
12222     5508
12223     5544
12224     5580
12225     5616
12226     5652
12227     3324
12228     3360
12229     3420
12230     3462
12231     3504
12232     3546
12233     3588
12234     3630
12235     3672
12236     4500
12237     4560
12238     4620
12239     4680
12240     6240
12241     6282
12242     6324
12243     6366
12244     6216
12245     6288
12246     6870
12247     6432
12248     7014
12249     7056
12250     6756
12251     7140
12252     7182
12253     7224
12254     7266
12255     7308
12256     7350
12257     7392
12258     19692
12259     unreachable
12260     7620
12261     6060
12262     6120
12263     6180
12264     6240
12265     6300
12266     6336
12267     6372
12268     6408
12269     6444
12270     6480
12271     6540
12272     3660
12273     4260
12274     4290
12275     4320
12276     4350
12277     4380
12278     4410
12279     4440
12280     4500
12281     4578
12282     4656
12283     6240
12284     13104
12285     7980
12286     8040
12287     8100
12288     7308
12289     7356
12290     7404
12291     7452
12292     7500
12293     7548
12294     7596
12295     7740
12296     7788
12297     7836
12298     7440
12299     7500
12300     7560
12301     7620
12302     7662
12303     7704
12304     7746
12305     7788
12306     7830
12307     7872
12308     7914
12309     7956
12310     6570
12311     6660
12312     19860
12313     19476
12314     19524
12315     6348
12316     6384
12317     6420
12318     6456
12319     18600
12320     18648
12321     18792
12322     18840
12323     18780
12324     5880
12325     18966
12326     19032
12327     19230
12328     19296
12329     4476
12330     4524
12331     4572
12332     4620
12333     7530
12334     8460
12335     16836
12336     16872
12337     16908
12338     16944
12339     17100
12340     8940
12341     9000
12342     5580
12343     21660
12344     16860
12345     4860
12346     4896
12347     4932
12348     17502
12349     17544
12350     17586
12351     17628
12352     17670
12353     17712
12354     7800
12355     7836
12356     7872
12357     6540
12358     6600
12359     6660
12360     6720
12361     6780
12362     4980
12363     5040
12364     5100
12365     5160
12366     5220
12367     5280
12368     8580
12369     8640
12370     8700
12371     8760
12372     8820
12373     8880
12374     unreachable
12375     6000
12376     6072
12377     6144
12378     6216
12379     6300
12380     6318
12381     5520
12382     5880
12383     5940
12384     6000
12385     5880
12386     5922
12387     6240
12388     6276
12389     6312
12390     4668
12391     4716
12392     4764
12393     4812
12394     4860
12395     7434
12396     4020
12397     4836
12398     4884
12399     4932
12400     4980
12401     5040
12402     5082
12403     5124
12404     5166
12405     5250
12406     5292
12407     5334
12408     5376
12409     5418
12410     5460
12411     4800
12412     4860
12413     4920
12414     4980
12415     5022
12416     5064
12417     5106
12418     5148
12419     5190
12420     5340
12421     5382
12422     5424
12423     5466
12424     5508
12425     4140
12426     4176
12427     4212
12428     4248
12429     4284
12430     4320
12431     4356
12432     4392
12433     4428
12434     4500
12435     4692
12436     4740
12437     3780
12438     23700
12439     3840
12440     4800
12441     4860
12442     3924
12443     5136
12444     5172
12445     5208
12446     5244
12447     5280
12448     5316
12449     5352
12450     5388
12451     5424
12452     5460
12453     5724
12454     5760
12455     5796
12456     5832
12457     5880
12458     6024
12459     6060
12460     6096
12461     6132
12462     6168
12463     6240
12464     6270
12465     6300
12466     6336
12467     6372
12468     6408
12469     6444
12470     6480
12471     6516
12472     4140
12473     4200
12474     4260
12475     4308
12476     4356
12477     4404
12478     4452
12479     4560
12480     23544
12481     23580
12482     23622
12483     23664
12484     23706
12485     23760
12486     23820
12487     23976
12488     24072
12489     24180
12490     24246
12491     24312
12492     24378
12493     24444
12494     24510
12495     24576
12496     24768
12497     24804
12498     24840
12499     21810
12500     21840
12501     6792
12502     25128
12503     25170
12504     25212
12505     25254
12506     25320
12507     25386
12508     25452
12509     25518
12510     7020
12511     20880
12512     23316
12513     23352
12514     23508
12515     23556
12516     23604
12517     23652
12518     23700
12519     23748
12520     23820
12521     23844
12522     23868
12523     23892
12524     23916
12525     23940
12526     24000
12527     24060
12528     24150
12529     24240
12530     24282
12531     24324
12532     24366
12533     24420
12534     7500
12535     7560
12536     7620
12537     7920
12538     7962
12539     8004
12540     8046
12541     8088
12542     8130
12543     8172
12544     8214
12545     8280
12546     8310
12547     8340
12548     8370
12549     8400
12550     8430
12551     8460
12552     8490
12553     8520
12554     8556
12555     8592
12556     8628
12557     8664
12558     3300
12559     6600
12560     8004
12561     8052
12562     8100
12563     8148
12564     8220
12565     8250
12566     8280
12567     8310
12568     8340
12569     8370
12570     8400
12571     8460
12572     8490
12573     8520
12574     8550
12575     8580
12576     8610
12577     8640
12578     8670
12579     8700
12580     4380
12581     4320
12582     4380
12583     4560
12584     5040
12585     unreachable
12586     21420
12587     24240
12588     3978
12589     3894
12590     3948
12591     4122
12592     4056
12593     4110
12594     4140
12595     4170
12596     4200
12597     14886
12598     16872
12599     16914
12600     16956
12601     16998
12602     6780
12603     unreachable
12604     20400
12605     18588
12606     18636
12607     18684
12608     17160
12609     7710
12610     7740
12611     7770
12612     7800
12613     7842
12614     17556
12615     4380
12616     16140
12617     16200
12618     16260
12619     16320
12620     16380
12621     16440
12622     6468
12623     6516
12624     6564
12625     6612
12626     3180
12627     3240
12628     3360
12629     3420
12630     3450
12631     3480
12632     3510
12633     3540
12634     3570
12635     3600
12636     3630
12637     3660
12638     3840
12639     4524
12640     4566
12641     4608
12642     4650
12643     4692
12644     4734
12645     4776
12646     4860
12647     3660
12648     3720
12649     3780
12650     3816
12651     3858
12652     3900
12653     3936
12654     4068
12655     4170
12656     4224
12657     4272
12658     4326
12659     5850
12660     5910
12661     5940
12662     5970
12663     6000
12664     6030
12665     6060
12666     2820
12667     2880
12668     2940
12669     3000
12670     3060
12671     3120
12672     3564
12673     3606
12674     3648
12675     3690
12676     3732
12677     3774
12678     3840
12679     3888
12680     3936
12681     3984
12682     4032
12683     4080
12684     4128
12685     3360
12686     20028
12687     20076
12688     20124
12689     20172
12690     18060
12691     20520
12692     20562
12693     20604
12694     20646
12695     20688
12696     21336
12697     21384
12698     21432
12699     21660
12700     21240
12701     17988
12702     18036
12703     18084
12704     18132
12705     18180
12706     18228
12707     18276
12708     18324
12709     6660
12710     18180
12711     18216
12712     unreachable
12713     18252
12714     18288
12715     18324
12716     17940
12717     3318
12718     18552
12719     18588
12720     18624
12721     18660
12722     18696
12723     18732
12724     18768
12725     18840
12726     18870
12727     18900
12728     18930
12729     18960
12730     18990
12731     19020
12732     19050
12733     17400
12734     3060
12735     3150
12736     3300
12737     3360
12738     3024
12739     3072
12740     3120
12741     3156
12742     3192
12743     3228
12744     3264
12745     3300
12746     6540
12747     7860
12748     7920
12749     8160
12750     8190
12751     8220
12752     8250
12753     8772
12754     8796
12755     8820
12756     8844
12757     8868
12758     8892
12759     8940
12760     8970
12761     9000
12762     9030
12763     9060
12764     9090
12765     9120
12766     4302
12767     4356
12768     4404
12769     4458
12770     4512
12771     4560
12772     5280
12773     5310
12774     5340
12775     5370
12776     5400
12777     5430
12778     5460
12779     6060
12780     6090
12781     6120
12782     6150
12783     6360
12784     6420
12785     6480
12786     19860
12787     19944
12788     20028
12789     6060
12790     5640
12791     5682
12792     5724
12793     5766
12794     6072
12795     20880
12796     21300
12797     21420
12798     21540
12799     21660
12800     21840
12801     21804
12802     22020
12803     unreachable
12804     unreachable
12805     19524
12806     19608
12807     19692
12808     19776
12809     20130
12810     17640
12811     17700
12812     17760
12813     20976
12814     21060
12815     8142
12816     8184
12817     8226
12818     8268
12819     8310
12820     8352
12821     8394
12822     8436
12823     7692
12824     7728
12825     7764
12826     20160
12827     6036
12828     6072
12829     6108
12830     6144
12831     6222
12832     6264
12833     6306
12834     6348
12835     6390
12836     6432
12837     6474
12838     6516
12839     3240
12840     3330
12841     3420
12842     3432
12843     3444
12844     3456
12845     3468
12846     3480
12847     21240
12848     21228
12849     21360
12850     21420
12851     21450
12852     21480
12853     21510
12854     2988
12855     21696
12856     21732
12857     21768
12858     21804
12859     16800
12860     22260
12861     22296
12862     22332
12863     22380
12864     15000
12865     15060
12866     22560
12867     22590
12868     2940
12869     22680
12870     22740
12871     22836
12872     21528
12873     21540
12874     21552
12875     21564
12876     21576
12877     21588
12878     21600
12879     21666
12880     21732
12881     21798
12882     5640
12883     18120
12884     4200
12885     4260
12886     4320
12887     4380
12888     4428
12889     4476
12890     4524
12891     4620
12892     4680
12893     5232
12894     1740
12895     1836
12896     1932
12897     2130
12898     2220
12899     2262
12900     2304
12901     2346
12902     2388
12903     2430
12904     2472
12905     2514
12906     2556
12907     2598
12908     2640
12909     2682
12910     2724
12911     2766
12912     2808
12913     2850
12914     2892
12915     2940
12916     3036
12917     3084
12918     3720
12919     14904
12920     14952
12921     15102
12922     15144
12923     15186
12924     15228
12925     15270
12926     15312
12927     15360
12928     15402
12929     15444
12930     15486
12931     15528
12932     15570
12933     3432
12934     3456
12935     3480
12936     3540
12937     3600
12938     3660
12939     3474
12940     3540
12941     3582
12942     3624
12943     3666
12944     3708
12945     3750
12946     3792
12947     3834
12948     3876
12949     3918
12950     3300
12951     3570
12952     21060
12953     10542
12954     10584
12955     10626
12956     10668
12957     10710
12958     10752
12959     10800
12960     11088
12961     11136
12962     5424
12963     5472
12964     5520
12965     5856
12966     5892
12967     5928
12968     5964
12969     6000
12970     6036
12971     6072
12972     unreachable
12973     4392
12974     17430
12975     17520
12976     17550
12977     17580
12978     17610
12979     17640
12980     17670
12981     17700
12982     17760
12983     17868
12984     17916
12985     17964
12986     17496
12987     17964
12988     18000
12989     18060
12990     18120
12991     18180
12992     18204
12993     18228
12994     18252
12995     18276
12996     18300
12997     18372
12998     18444
12999     6018
13000     6096
13001     19380
13002     19416
13003     19452
13004     4572
13005     4548
13006     4680
13007     4740
13008     17250
13009     17340
13010     17412
13011     17484
13012     17736
13013     17772
13014     17820
13015     3000
13016     3078
13017     3126
13018     20016
13019     20052
13020     20088
13021     20124
13022     20160
13023     22560
13024     22584
13025     22620
13026     22668
13027     22716
13028     26880
13029     22488
13030     22512
13031     22536
13032     17850
13033     17892
13034     17934
13035     17976
13036     23820
13037     23916
13038     23952
13039     23988
13040     24024
13041     20460
13042     20514
13043     20568
13044     20622
13045     20676
13046     6636
13047     16620
13048     20838
13049     20892
13050     20946
13051     21000
13052     21054
13053     21108
13054     21162
13055     6510
13056     6540
13057     6570
13058     29868
13059     28080
13060     5508
13061     5550
13062     5580
13063     5634
13064     5676
13065     20022
13066     20064
13067     20106
13068     20148
13069     20190
13070     20232
13071     20274
13072     7572
13073     7644
13074     7716
13075     7788
13076     20484
13077     20526
13078     20568
13079     20610
13080     20652
13081     23640
13082     23682
13083     23730
13084     23772
13085     20730
13086     20772
13087     23580
13088     unreachable
13089     20712
13090     20748
13091     21708
13092     21744
13093     21780
13094     21816
13095     21852
13096     21372
13097     21420
13098     21462
13099     22176
13100     2748
13101     22248
13102     22284
13103     19320
13104     22452
13105     22488
13106     22524
13107     22560
13108     6900
13109     6942
13110     6984
13111     7026
13112     23100
13113     2700
13114     2712
13115     2724
13116     2736
13117     2760
13118     20916
13119     20952
13120     20988
13121     21024
13122     21162
13123     21204
13124     21246
13125     18504
13126     21330
13127     21630
13128     21672
13129     21714
13130     22104
13131     22140
13132     22176
13133     22212
13134     22260
13135     22302
13136     22344
13137     22386
13138     22440
13139     19080
13140     19116
13141     19152
13142     19188
13143     19224
13144     19260
13145     19296
13146     19374
13147     23700
13148     18960
13149     18996
13150     19032
13151     23760
13152     23820
13153     23850
13154     23880
13155     23910
13156     23940
13157     23970
13158     24060
13159     24102
13160     24144
13161     24186
13162     24240
13163     24288
13164     24336
13165     24384
13166     18888
13167     18960
13168     19008
13169     19056
13170     19104
13171     4404
13172     4446
13173     4500
13174     4542
13175     4584
13176     4626
13177     5220
13178     5292
13179     5400
13180     5460
13181     5520
13182     5580
13183     5820
13184     6000
13185     17520
13186     17580
13187     4980
13188     5040
13189     5106
13190     18000
13191     18072
13192     18144
13193     18780
13194     18840
13195     18900
13196     18960
13197     19008
13198     19056
13199     19536
13200     19584
13201     19632
13202     19680
13203     19728
13204     18084
13205     18108
13206     18132
13207     18156
13208     18180
13209     18204
13210     18396
13211     18480
13212     18528
13213     18576
13214     18624
13215     18672
13216     6048
13217     6096
13218     6144
13219     6192
13220     6240
13221     6318
13222     6504
13223     6528
13224     6552
13225     6576
13226     6624
13227     7080
13228     3780
13229     3840
13230     3660
13231     3708
13232     3756
13233     3840
13234     4932
13235     4968
13236     5004
13237     5040
13238     5076
13239     3540
13240     3600
13241     3660
13242     3720
13243     5400
13244     5448
13245     5496
13246     5544
13247     4308
13248     3120
13249     23880
13250     23106
13251     23148
13252     23190
13253     23232
13254     23424
13255     23472
13256     23520
13257     23568
13258     23640
13259     23766
13260     23808
13261     24366
13262     24420
13263     24456
13264     24492
13265     24528
13266     24564
13267     24636
13268     24672
13269     24708
13270     24744
13271     19380
13272     19440
13273     18648
13274     18720
13275     18768
13276     21792
13277     21828
13278     21864
13279     21900
13280     21960
13281     21996
13282     22032
13283     22068
13284     22104
13285     22140
13286     22188
13287     22848
13288     22884
13289     22920
13290     23040
13291     23082
13292     23124
13293     23166
13294     23208
13295     23436
13296     23484
13297     23532
13298     23760
13299     6690
13300     6720
13301     4590
13302     7200
13303     7332
13304     7464
13305     7620
13306     5580
13307     6540
13308     6720
13309     8280
13310     8238
13311     8400
13312     8460
13313     6780
13314     6840
13315     6900
13316     6960
13317     unreachable
13318     8760
13319     8796
13320     8832
13321     8868
13322     8976
13323     9012
13324     9048
13325     9084
13326     9120
13327     unreachable
13328     6780
13329     6864
13330     6948
13331     7032
13332     7116
13333     7260
13334     7320
13335     7380
13336     7440
13337     23220
13338     6120
13339     6462
13340     6504
13341     6546
13342     6600
13343     6660
13344     6720
13345     5622
13346     5664
13347     5706
13348     5748
13349     5790
13350     5832
13351     5874
13352     5940
13353     unreachable
13354     19062
13355     19104
13356     19146
13357     19188
13358     19230
13359     19272
13360     20052
13361     5700
13362     5820
13363     5940
13364     unreachable
13365     7440
13366     7620
13367     17448
13368     17496
13369     17544
13370     17592
13371     17640
13372     17676
13373     17712
13374     17748
13375     17784
13376     17820
13377     17862
13378     17904
13379     17946
13380     17112
13381     17160
13382     17220
13383     17250
13384     17280
13385     17310
13386     17340
13387     17370
13388     17400
13389     17442
13390     17484
13391     17526
13392     17568
13393     17610
13394     17652
13395     7914
13396     8160
13397     8316
13398     6072
13399     5352
13400     5460
13401     5508
13402     5556
13403     5976
13404     6012
13405     6048
13406     6084
13407     6120
13408     6150
13409     6180
13410     6210
13411     6240
13412     6270
13413     6300
13414     6330
13415     6360
13416     6390
13417     8340
13418     8370
13419     8400
13420     8430
13421     8460
13422     8490
13423     8520
13424     8550
13425     8580
13426     8628
13427     8676
13428     8724
13429     7608
13430     7644
13431     7680
13432     6240
13433     8736
13434     8784
13435     8832
13436     8880
13437     8010
13438     8040
13439     8070
13440     8100
13441     8160
13442     8196
13443     7158
13444     7236
13445     7314
13446     7392
13447     7470
13448     19200
13449     8400
13450     6120
13451     6180
13452     6240
13453     6300
13454     6360
13455     6420
13456     6480
13457     6660
13458     6720
13459     6780
13460     6828
13461     6876
13462     6924
13463     7692
13464     7728
13465     7764
13466     7800
13467     7836
13468     20382
13469     20424
13470     20466
13471     20508
13472     20550
13473     20598
13474     20640
13475     20682
13476     20820
13477     6972
13478     7068
13479     7116
13480     7164
13481     22020
13482     6600
13483     6648
13484     6696
13485     6744
13486     6840
13487     22896
13488     22950
13489     23004
13490     23058
13491     23106
13492     23160
13493     23220
13494     20100
13495     21060
13496     21108
13497     21156
13498     21204
13499     21252
13500     8148
13501     8340
13502     20400
13503     20460
13504     20508
13505     20556
13506     20604
13507     20652
13508     20700
13509     20748
13510     20820
13511     10302
13512     10344
13513     10386
13514     10428
13515     10470
13516     10512
13517     19560
13518     21480
13519     21540
13520     21480
13521     21576
13522     19920
13523     19980
13524     20040
13525     21648
13526     21666
13527     21720
13528     unreachable
13529     unreachable
13530     19824
13531     19866
13532     19920
13533     19950
13534     19980
13535     20040
13536     20130
13537     18660
13538     8688
13539     8736
13540     8784
13541     8832
13542     8880
13543     8940
13544     19020
13545     19080
13546     19140
13547     19200
13548     19260
13549     19320
13550     19380
13551     7380
13552     7410
13553     7440
13554     19740
13555     19476
13556     19512
13557     19548
13558     19584
13559     19920
13560     19980
13561     21210
13562     21270
13563     21120
13564     11946
13565     12240
13566     12276
13567     12312
13568     12348
13569     12384
13570     12420
13571     12456
13572     12492
13573     12528
13574     12564
13575     12600
13576     12660
13577     12690
13578     12720
13579     12750
13580     12780
13581     12960
13582     12996
13583     13032
13584     13068
13585     6720
13586     6762
13587     6804
13588     6846
13589     6900
13590     7140
13591     7176
13592     7212
13593     7248
13594     7284
13595     7320
13596     7356
13597     7392
13598     7428
13599     7464
13600     7500
13601     7536
13602     7620
13603     7656
13604     7740
13605     7800
13606     7860
13607     7920
13608     6120
13609     6180
13610     6240
13611     4740
13612     6420
13613     6480
13614     6540
13615     19980
13616     5940
13617     6840
13618     7020
13619     6420
13620     6480
13621     5226
13622     5340
13623     5562
13624     5520
13625     5640
13626     unreachable
13627     9972
13628     10020
13629     10056
13630     10092
13631     10128
13632     10164
13633     10200
13634     10260
13635     10560
13636     10620
13637     10680
13638     10740
13639     6900
13640     6960
13641     7020
13642     7332
13643     7140
13644     7440
13645     7500
13646     7560
13647     7620
13648     7662
13649     7704
13650     7746
13651     7788
13652     7830
13653     7872
13654     7662
13655     7704
13656     7746
13657     7788
13658     7830
13659     7872
13660     7914
13661     7980
13662     8040
13663     8100
13664     8160
13665     8280
13666     8340
13667     8400
13668     6888
13669     6936
13670     6984
13671     7032
13672     8640
13673     8970
13674     9000
13675     9030
13676     9060
13677     9090
13678     9120
13679     9180
13680     9240
13681     9300
13682     25080
13683     22368
13684     22422
13685     22476
13686     22530
13687     22584
13688     22638
13689     22692
13690     6468
13691     6516
13692     6564
13693     19968
13694     23040
13695     21996
13696     22032
13697     22068
13698     22104
13699     23550
13700     23640
13701     23700
13702     27240
13703     23340
13704     24360
13705     24420
13706     24480
13707     24540
13708     24924
13709     24996
13710     25080
13711     25788
13712     25836
13713     25884
13714     25932
13715     25980
13716     22740
13717     22800
13718     22860
13719     22920
13720     8742
13721     24384
13722     24426
13723     24468
13724     24510
13725     24552
13726     24594
13727     24636
13728     24678
13729     4944
13730     4986
13731     5040
13732     5070
13733     5100
13734     5130
13735     5250
13736     4008
13737     4044
13738     4080
13739     4140
13740     4194
13741     4248
13742     4302
13743     4356
13744     4410
13745     4464
13746     4518
13747     4572
13748     4626
13749     2700
13750     2460
13751     2556
13752     2604
13753     2652
13754     2730
13755     2784
13756     2838
13757     2892
13758     2946
13759     3000
13760     3264
13761     3288
13762     3312
13763     3336
13764     3360
13765     3384
13766     3408
13767     3720
13768     2076
13769     2112
13770     2148
13771     2184
13772     2220
13773     2256
13774     2292
13775     2328
13776     2364
13777     2400
13778     2430
13779     2460
13780     2490
13781     4014
13782     4056
13783     4098
13784     4140
13785     4200
13786     4260
13787     6660
13788     6720
13789     6780
13790     6840
13791     5316
13792     5472
13793     4500
13794     9120
13795     5400
13796     3720
13797     8040
13798     3960
13799     4080
13800     4200
13801     4320
13802     4440
13803     4488
13804     4536
13805     6816
13806     6852
13807     6888
13808     7020
13809     7080
13810     7140
13811     20244
13812     20292
13813     20340
13814     8934
13815     8976
13816     9018
13817     9060
13818     14580
13819     6600
13820     19344
13821     19386
13822     19428
13823     19470
13824     19512
13825     19560
13826     19602
13827     19644
13828     19686
13829     19782
13830     19962
13831     20004
13832     7140
13833     7218
13834     7296
13835     21420
13836     unreachable
13837     8400
13838     8478
13839     8556
13840     8640
13841     19764
13842     19836
13843     20100
13844     20124
13845     20148
13846     20172
13847     20196
13848     20220
13849     20256
13850     20292
13851     20328
13852     20364
13853     16158
13854     16920
13855     16980
13856     17040
13857     17100
13858     17160
13859     17220
13860     17304
13861     17346
13862     17388
13863     17430
13864     17472
13865     17514
13866     17556
13867     17640
13868     18000
13869     18060
13870     18096
13871     18300
13872     18240
13873     18300
13874     18360
13875     18720
13876     18756
13877     18792
13878     18828
13879     18864
13880     18900
13881     19020
13882     19068
13883     19116
13884     19164
13885     19212
13886     19260
13887     19308
13888     20232
13889     9162
13890     9204
13891     9246
13892     9300
13893     6360
13894     6408
13895     6456
13896     6504
13897     6552
13898     6600
13899     5760
13900     5820
13901     5880
13902     5940
13903     6000
13904     6060
13905     6180
13906     6258
13907     6336
13908     6420
13909     8556
13910     8592
13911     8628
13912     5940
13913     6612
13914     6660
13915     6720
13916     17880
13917     17916
13918     18084
13919     18126
13920     18168
13921     18210
13922     18252
13923     18294
13924     18360
13925     18408
13926     18456
13927     18504
13928     18552
13929     18600
13930     18648
13931     18360
13932     18420
13933     18480
13934     18600
13935     13014
13936     17736
13937     17820
13938     18204
13939     18246
13940     18288
13941     18330
13942     18372
13943     18414
13944     18480
13945     18528
13946     18576
13947     18624
13948     18672
13949     18720
13950     18768
13951     7620
13952     17952
13953     18000
13954     18042
13955     18084
13956     18126
13957     18168
13958     19308
13959     19350
13960     19392
13961     19434
13962     19500
13963     19530
13964     7590
13965     unreachable
13966     unreachable
13967     unreachable
13968     20100
13969     18786
13970     18852
13971     18918
13972     18984
13973     19050
13974     19680
13975     19920
13976     19980
13977     20040
13978     20100
13979     20220
13980     20280
13981     20340
13982     20400
13983     20460
13984     16740
13985     16788
13986     16836
13987     16884
13988     16932
13989     16980
13990     17016
13991     17052
13992     17100
13993     17160
13994     17400
13995     17946
13996     17988
13997     18030
13998     8856
13999     8892
14000     8940
14001     unreachable
14002     unreachable
14003     unreachable
14004     2820
14005     2880
14006     3516
14007     3564
14008     3612
14009     17772
14010     17820
14011     17868
14012     4140
14013     3492
14014     3504
14015     3516
14016     3540
14017     20244
14018     20316
14019     20388
14020     20460
14021     20532
14022     22440
14023     22470
14024     19740
14025     20130
14026     22320
14027     22440
14028     22500
14029     22560
14030     19380
14031     12762
14032     7500
14033     18648
14034     18684
14035     18720
14036     18756
14037     18792
14038     18840
14039     18906
14040     18972
14041     19038
14042     19104
14043     19230
14044     19290
14045     19350
14046     19410
14047     19458
14048     19506
14049     19554
14050     19938
14051     20010
14052     20058
14053     20106
14054     20154
14055     20202
14056     17484
14057     17526
14058     17568
14059     17610
14060     17652
14061     17694
14062     17760
14063     17850
14064     18180
14065     18240
14066     18300
14067     18360
14068     18420
14069     18480
14070     18540
14071     18780
14072     18840
14073     18900
14074     18960
14075     19164
14076     19206
14077     19248
14078     19290
14079     12720
14080     19926
14081     19968
14082     20010
14083     19146
14084     19188
14085     19230
14086     19272
14087     19320
14088     7236
14089     7272
14090     7308
14091     7344
14092     7380
14093     7440
14094     19908
14095     19944
14096     19980
14097     20460
14098     19950
14099     19980
14100     20028
14101     20076
14102     7590
14103     7620
14104     7650
14105     7680
14106     7710
14107     7740
14108     20748
14109     20796
14110     20844
14111     20892
14112     21198
14113     21264
14114     23160
14115     19080
14116     12924
14117     13290
14118     13320
14119     13380
14120     13410
14121     13440
14122     13476
14123     13512
14124     13548
14125     13584
14126     13620
14127     13650
14128     13680
14129     13710
14130     13740
14131     13770
14132     13800
14133     9216
14134     9300
14135     9690
14136     9720
14137     9750
14138     9780
14139     9810
14140     9840
14141     9900
14142     9936
14143     9972
14144     10008
14145     10044
14146     10080
14147     10110
14148     10140
14149     10170
14150     10200
14151     7884
14152     7740
14153     21888
14154     21936
14155     21984
14156     22032
14157     22080
14158     22128
14159     22176
14160     22440
14161     20424
14162     20472
14163     20520
14164     20568
14165     20616
14166     20664
14167     20760
14168     21960
14169     19320
14170     150
14171     1380
14172     1440
14173     1500
14174     1548
14175     1596
14176     1644
14177     1692
14178     2040
14179     2076
14180     2112
14181     2160
14182     2196
14183     2232
14184     2268
14185     2304
14186     2340
14187     2376
14188     2412
14189     2460
14190     2580
14191     2640
14192     3180
14193     7104
14194     7146
14195     17736
14196     18120
14197     18060
14198     18120
14199     18180
14200     18240
14201     18300
14202     18360
14203     18420
14204     3720
14205     4260
14206     4332
14207     4404
14208     18900
14209     18960
14210     19020
14211     19080
14212     19128
14213     19176
14214     19224
14215     19272
14216     19320
14217     19368
14218     7920
14219     8010
14220     8040
14221     8070
14222     8100
14223     8130
14224     8160
14225     8220
14226     9360
14227     9390
14228     9420
14229     9450
14230     9480
14231     9510
14232     9540
14233     6924
14234     6960
14235     6996
14236     7032
14237     7068
14238     7104
14239     19620
14240     19680
14241     23640
14242     8682
14243     8724
14244     8766
14245     8808
14246     8850
14247     8892
14248     21426
14249     21468
14250     21510
14251     21552
14252     21594
14253     21636
14254     21660
14255     21720
14256     21780
14257     21840
14258     21900
14259     22080
14260     22140
14261     22200
14262     22260
14263     22320
14264     22380
14265     21720
14266     21780
14267     21840
14268     21900
14269     21960
14270     22068
14271     22116
14272     22110
14273     22200
14274     22230
14275     22260
14276     22410
14277     22440
14278     22470
14279     22500
14280     22530
14281     7026
14282     7068
14283     7110
14284     7152
14285     7200
14286     7788
14287     7836
14288     7884
14289     7932
14290     19440
14291     5220
14292     6600
14293     7560
14294     7830
14295     6480
14296     6648
14297     7812
14298     19692
14299     19740
14300     19776
14301     19818
14302     19860
14303     19896
14304     19938
14305     19980
14306     20136
14307     20178
14308     20220
14309     20328
14310     20364
14311     20400
14312     21336
14313     21372
14314     21408
14315     21510
14316     21540
14317     21570
14318     21600
14319     21690
14320     21720
14321     21780
14322     21840
14323     21900
14324     21960
14325     22008
14326     22056
14327     22260
14328     27900
14329     28920
14330     23652
14331     23718
14332     23784
14333     23850
14334     23916
14335     unreachable
14336     24720
14337     24798
14338     25044
14339     25128
14340     25212
14341     25680
14342     25620
14343     25992
14344     26100
14345     27096
14346     26208
14347     26292
14348     26652
14349     26760
14350     26832
14351     27366
14352     27432
14353     27498
14354     27564
14355     27630
14356     27780
14357     18234
14358     18288
14359     18342
14360     18396
14361     19524
14362     19572
14363     19620
14364     19668
14365     19716
14366     19260
14367     19320
14368     19380
14369     19440
14370     8280
14371     20700
14372     20748
14373     20796
14374     20844
14375     20892
14376     4080
14377     5700
14378     6360
14379     3840
14380     unreachable
14381     8208
14382     8256
14383     8304
14384     8352
14385     8400
14386     8448
14387     7620
14388     7650
14389     7680
14390     25680
14391     26280
14392     24960
14393     12444
14394     12492
14395     8562
14396     8604
14397     8646
14398     8688
14399     8730
14400     8772
14401     22680
14402     unreachable
14403     23478
14404     23556
14405     23820
14406     23472
14407     23556
14408     unreachable
14409     5340
14410     29760
14411     29658
14412     30660
14413     54684
14414     54768
14415     54852
14416     54936
14417     55020
14418     55104
14419     29100
14420     29430
14421     25242
14422     25284
14423     25326
14424     25368
14425     25410
14426     25452
14427     25500
14428     25530
14429     25560
14430     25590
14431     25620
14432     25656
14433     25698
14434     25740
14435     56400
14436     25776
14437     25818
14438     21660
14439     21702
14440     21744
14441     25818
14442     25884
14443     25950
14444     26016
14445     26082
14446     23880
14447     23940
14448     24000
14449     24060
14450     24120
14451     26604
14452     26658
14453     26712
14454     26760
14455     22620
14456     22668
14457     28320
14458     22716
14459     22770
14460     22818
14461     22866
14462     22920
14463     22950
14464     22980
14465     23010
14466     23040
14467     23088
14468     23142
14469     23196
14470     23244
14471     23298
14472     23352
14473     30144
14474     30216
14475     30288
14476     30360
14477     30432
14478     30504
14479     30576
14480     53772
14481     17280
14482     11160
14483     11190
14484     11220
14485     11250
14486     11280
14487     11310
14488     10080
14489     10122
14490     10164
14491     6780
14492     6828
14493     6876
14494     6924
14495     6972
14496     7020
14497     7080
14498     7140
14499     12192
14500     12228
14501     7710
14502     7884
14503     7926
14504     7968
14505     26940
14506     11988
14507     12030
14508     12072
14509     12114
14510     12156
14511     12198
14512     12240
14513     12282
14514     12324
14515     12366
14516     12510
14517     12540
14518     12570
14519     12600
14520     12630
14521     12660
14522     12804
14523     12846
14524     12888
14525     12930
14526     12972
14527     7080
14528     7236
14529     7284
14530     7332
14531     7380
14532     7416
14533     7452
14534     7530
14535     7872
14536     7908
14537     7944
14538     7980
14539     8142
14540     8184
14541     8226
14542     8268
14543     8310
14544     8352
14545     8394
14546     8436
14547     8478
14548     7188
14549     6360
14550     6432
14551     6504
14552     6576
14553     7680
14554     7710
14555     7740
14556     7770
14557     6096
14558     21648
14559     13140
14560     13170
14561     13200
14562     6780
14563     7080
14564     6240
14565     6660
14566     8160
14567     18852
14568     18888
14569     18924
14570     18960
14571     19020
14572     19368
14573     19416
14574     19464
14575     19512
14576     19560
14577     unreachable
14578     19116
14579     19152
14580     19188
14581     19224
14582     18600
14583     18672
14584     18744
14585     18816
14586     18888
14587     12960
14588     12996
14589     13032
14590     13080
14591     13110
14592     13140
14593     13170
14594     13200
14595     13230
14596     7560
14597     7590
14598     7620
14599     7650
14600     7680
14601     7740
14602     7776
14603     7812
14604     7848
14605     11700
14606     12150
14607     12180
14608     12210
14609     12240
14610     12270
14611     12300
14612     12360
14613     12396
14614     12432
14615     12468
14616     12504
14617     12540
14618     12600
14619     12630
14620     12660
14621     12690
14622     12720
14623     12756
14624     12792
14625     12828
14626     12864
14627     12900
14628     12936
14629     12972
14630     13020
14631     13044
14632     13068
14633     13092
14634     13116
14635     13140
14636     13164
14637     13200
14638     13260
14639     13320
14640     13380
14641     13416
14642     13452
14643     13488
14644     13524
14645     13560
14646     13596
14647     13632
14648     13668
14649     13704
14650     13740
14651     13800
14652     13836
14653     13872
14654     13908
14655     13944
14656     12336
14657     12372
14658     12408
14659     12444
14660     12480
14661     12516
14662     12552
14663     12600
14664     12660
14665     7536
14666     7572
14667     9180
14668     9210
14669     9240
14670     9282
14671     9324
14672     9366
14673     9420
14674     9462
14675     9504
14676     9546
14677     9600
14678     9720
14679     17820
14680     17862
14681     17904
14682     17946
14683     18000
14684     18036
14685     18072
14686     18120
14687     18150
14688     18180
14689     12792
14690     12828
14691     12864
14692     12924
14693     12960
14694     13020
14695     13056
14696     13092
14697     13128
14698     13164
14699     13200
14700     13236
14701     13272
14702     13320
14703     9822
14704     9864
14705     9906
14706     9960
14707     10008
14708     10056
14709     10104
14710     10152
14711     10200
14712     10230
14713     10260
14714     10290
14715     10320
14716     10350
14717     10380
14718     10440
14719     10560
14720     10680
14721     10716
14722     10752
14723     10788
14724     10824
14725     10860
14726     10884
14727     10908
14728     10932
14729     10956
14730     10980
14731     11004
14732     11028
14733     11052
14734     11076
14735     11100
14736     11130
14737     11160
14738     11190
14739     11220
14740     11256
14741     11292
14742     11328
14743     11364
14744     11400
14745     11460
14746     11490
14747     11520
14748     11550
14749     11580
14750     11610
14751     11640
14752     unreachable
14753     unreachable
14754     11196
14755     11232
14756     11268
14757     11304
14758     7056
14759     7260
14760     8106
14761     8160
14762     7116
14763     7152
14764     7200
14765     21900
14766     6852
14767     6984
14768     7026
14769     7068
14770     7110
14771     7920
14772     7980
14773     unreachable
14774     unreachable
14775     unreachable
14776     unreachable
14777     unreachable
14778     unreachable
14779     unreachable
14780     unreachable
14781     unreachable
14782     unreachable
14783     unreachable
14784     unreachable
14785     unreachable
14786     unreachable
14787     unreachable
14788     unreachable
14789     unreachable
14790     unreachable
14791     unreachable
14792     unreachable
14793     unreachable
14794     unreachable
14795     unreachable
14796     unreachable
14797     11700
14798     11760
14799     11802
14800     11844
14801     11886
14802     11940
14803     12000
14804     12060
14805     12120
14806     16500
14807     16560
14808     12420
14809     unreachable
14810     8178
14811     8340
14812     8400
14813     8460
14814     8520
14815     8580
14816     8622
14817     8664
14818     8706
14819     8760
14820     8808
14821     13776
14822     13872
14823     18096
14824     18180
14825     18210
14826     18240
14827     18270
14828     18300
14829     18360
14830     18420
14831     18480
14832     18660
14833     18696
14834     18732
14835     18768
14836     18804
14837     18840
14838     18900
14839     18960
14840     19020
14841     19080
14842     19200
14843     unreachable
14844     21840
14845     21900
14846     21960
14847     22332
14848     16686
14849     16728
14850     16770
14851     16812
14852     16854
14853     16896
14854     7020
14855     6240
14856     6300
14857     6336
14858     6372
14859     6420
14860     6462
14861     6504
14862     6546
14863     6588
14864     6630
14865     6672
14866     6720
14867     21744
14868     21792
14869     21840
14870     22200
14871     22872
14872     22944
14873     23016
14874     21840
14875     22536
14876     19764
14877     19812
14878     19860
14879     19908
14880     19980
14881     20010
14882     20040
14883     20070
14884     20100
14885     20130
14886     20160
14887     20190
14888     20250
14889     20310
14890     13632
14891     13680
14892     20412
14893     20454
14894     20496
14895     20550
14896     20886
14897     20934
14898     20982
14899     21030
14900     21090
14901     21150
14902     unreachable
14903     20124
14904     20172
14905     20220
14906     20280
14907     20316
14908     20352
14909     20388
14910     20760
14911     20802
14912     20844
14913     20886
14914     12060
14915     12096
14916     12132
14917     21060
14918     21102
14919     21144
14920     21186
14921     21228
14922     21270
14923     21312
14924     21408
14925     21456
14926     21504
14927     19980
14928     20010
14929     21360
14930     21540
14931     21888
14932     21936
14933     11802
14934     11844
14935     22890
14936     22920
14937     22950
14938     22980
14939     23040
14940     23082
14941     23124
14942     23166
14943     23220
14944     23268
14945     23316
14946     21480
14947     23550
14948     23640
14949     23670
14950     23700
14951     23730
14952     23760
14953     23790
14954     23820
14955     24036
14956     24072
14957     24108
14958     24144
14959     24180
14960     24270
14961     24360
14962     20304
14963     20352
14964     20400
14965     20442
14966     20484
14967     20526
14968     20580
14969     20604
14970     20628
14971     20652
14972     20676
14973     20700
14974     13830
14975     13860
14976     13890
14977     21384
14978     21432
14979     21480
14980     22950
14981     22980
14982     20580
14983     20640
14984     20700
14985     24810
14986     24840
14987     24870
14988     24900
14989     24960
14990     25020
14991     25080
14992     25140
14993     25182
14994     25224
14995     25266
14996     25308
14997     25350
14998     25392
14999     25434
15000     25476
15001     25518
15002     25560
15003     25632
15004     25704
15005     25776
15006     25848
15007     29610
15008     29700
15009     25920
15010     54990
15011     55080
15012     55152
15013     55224
15014     55296
15015     55368
15016     55440
15017     25974
15018     26016
15019     26100
15020     26160
15021     26220
15022     26280
15023     26310
15024     26340
15025     26370
15026     26400
15027     22536
15028     22620
15029     23160
15030     23190
15031     23220
15032     23250
15033     23280
15034     23310
15035     23340
15036     23400
15037     23460
15038     23520
15039     24300
15040     24360
15041     24390
15042     24420
15043     24450
15044     24480
15045     20868
15046     22080
15047     22980
15048     20580
15049     20640
15050     20700
15051     22320
15052     22440
15053     22560
15054     22800
15055     22872
15056     22944
15057     23604
15058     23616
15059     23628
15060     23640
15061     23700
15062     23820
15063     24300
15064     24378
15065     24660
15066     24780
15067     24900
15068     25020
15069     25140
15070     25440
15071     25260
15072     25512
15073     25548
15074     25116
15075     26172
15076     26214
15077     26280
15078     24360
15079     24420
15080     24462
15081     24504
15082     25164
15083     25212
15084     25320
15085     25416
15086     25896
15087     25980
15088     27240
15089     27396
15090     27480
15091     19416
15092     19500
15093     27768
15094     27840
15095     5130
15096     7260
15097     7302
15098     7344
15099     7386
15100     7440
15101     7500
15102     7608
15103     7644
15104     9120
15105     9540
15106     11220
15107     12900
15108     12960
15109     13002
15110     13044
15111     13086
15112     20580
15113     13860
15114     18222
15115     18264
15116     18306
15117     18360
15118     18390
15119     13272
15120     13320
15121     19902
15122     19944
15123     19986
15124     unreachable
15125     unreachable
15126     unreachable
15127     56400
15128     56496
15129     56592
15130     24084
15131     24120
15132     24180
15133     24216
15134     24252
15135     20112
15136     13506
15137     13560
15138     13590
15139     13620
15140     13656
15141     12780
15142     13740
15143     13866
15144     12468
15145     12600
15146     12660
15147     12720
15148     12750
15149     12780
15150     13362
15151     13662
15152     13704
15153     13746
15154     13800
15155     13830
15156     13860
15157     13890
15158     13920
15159     13950
15160     13980
15161     14040
15162     14070
15163     14100
15164     14328
15165     14376
15166     14424
15167     14472
15168     18720
15169     20448
15170     20496
15171     20544
15172     20592
15173     21996
15174     22044
15175     22092
15176     22140
15177     22200
15178     unreachable
15179     16800
15180     16860
15181     16896
15182     16932
15183     17364
15184     17400
15185     17436
15186     17472
15187     17520
15188     19440
15189     19476
15190     19512
15191     19548
15192     18168
15193     18204
15194     18240
15195     18300
15196     18360
15197     18540
15198     6120
15199     unreachable
15200     24348
15201     24966
15202     25038
15203     25110
15204     25176
15205     25248
15206     18750
15207     18780
15208     18810
15209     18840
15210     18876
15211     18912
15212     18948
15213     18984
15214     19020
15215     19062
15216     19098
15217     19140
15218     15660
15219     15756
15220     16260
15221     16302
15222     16344
15223     13044
15224     13086
15225     13140
15226     13218
15227     18300
15228     18336
15229     18372
15230     18408
15231     18444
15232     18480
15233     18522
15234     18558
15235     18600
15236     18636
15237     18678
15238     18780
15239     18840
15240     18900
15241     18960
15242     19020
15243     19080
15244     19140
15245     unreachable
15246     25380
15247     25440
15248     25500
15249     25020
15250     24900
15251     24948
15252     24996
15253     25836
15254     25890
15255     25938
15256     25986
15257     26040
15258     25212
15259     25248
15260     24180
15261     24720
15262     24780
15263     23160
15264     23196
15265     23238
15266     23280
15267     23316
15268     23358
15269     23400
15270     23436
15271     23472
15272     23508
15273     23544
15274     unreachable
15275     25140
15276     25200
15277     25260
15278     25320
15279     25368
15280     25416
15281     25470
15282     25518
15283     25566
15284     21780
15285     21822
15286     21870
15287     21912
15288     24300
15289     24330
15290     24366
15291     24402
15292     24432
15293     24468
15294     22104
15295     22152
15296     22200
15297     23160
15298     24696
15299     24738
15300     24780
15301     10440
15302     10476
15303     10512
15304     10548
15305     10584
15306     6942
15307     6900
15308     6936
15309     6972
15310     7008
15311     7044
15312     7080
15313     unreachable
15314     unreachable
15315     unreachable
15316     unreachable
15317     unreachable
15318     unreachable
15319     20700
15320     20760
15321     20832
15322     20904
15323     20976
15324     21048
15325     19140
15326     19200
15327     19260
15328     19320
15329     19380
15330     19440
15331     19488
15332     19776
15333     19824
15334     19872
15335     19920
15336     19968
15337     20040
15338     22332
15339     22368
15340     22404
15341     22440
15342     22500
15343     22536
15344     22848
15345     22884
15346     22992
15347     23220
15348     19896
15349     19932
15350     19968
15351     20004
15352     20040
15353     20076
15354     20112
15355     20364
15356     20406
15357     20460
15358     20520
15359     22404
15360     22440
15361     22500
15362     22536
15363     22572
15364     13800
15365     23040
15366     11580
15367     11640
15368     11700
15369     18516
15370     18552
15371     18600
15372     18630
15373     24060
15374     24666
15375     21720
15376     21780
15377     22020
15378     22080
15379     22140
15380     22746
15381     23316
15382     23352
15383     23388
15384     23424
15385     23640
15386     24000
15387     12180
15388     13596
15389     13710
15390     13740
15391     13770
15392     13800
15393     14160
15394     14340
15395     14400
15396     14430
15397     14460
15398     14490
15399     14520
15400     14550
15401     14580
15402     11736
15403     11772
15404     11946
15405     12042
15406     12084
15407     12126
15408     12168
15409     unreachable
15410     13284
15411     13368
15412     13410
15413     13452
15414     13494
15415     13590
15416     13716
15417     13752
15418     10920
15419     10950
15420     10980
15421     11010
15422     11040
15423     11100
15424     11160
15425     11886
15426     11928
15427     11970
15428     12012
15429     19920
15430     19980
15431     21060
15432     34200
15433     34260
15434     21708
15435     21756
15436     22500
15437     13080
15438     13176
15439     13272
15440     12456
15441     12492
15442     12528
15443     12564
15444     12600
15445     unreachable
15446     10590
15447     10620
15448     10650
15449     10680
15450     10710
15451     11640
15452     11712
15453     11784
15454     11856
15455     unreachable
15456     24396
15457     24444
15458     24492
15459     24540
15460     24588
15461     24636
15462     24720
15463     24762
15464     24810
15465     24852
15466     25044
15467     25092
15468     25140
15469     25392
15470     25470
15471     25542
15472     25620
15473     25680
15474     25740
15475     21450
15476     21492
15477     21540
15478     21588
15479     21636
15480     21684
15481     21732
15482     21960
15483     22008
15484     22056
15485     22242
15486     22290
15487     22332
15488     22380
15489     22422
15490     22470
15491     22512
15492     22560
15493     22602
15494     22650
15495     19224
15496     19266
15497     19320
15498     19344
15499     19368
15500     19392
15501     19440
15502     19560
15503     19620
15504     19680
15505     19740
15506     19800
15507     19860
15508     20100
15509     20136
15510     20172
15511     20208
15512     20244
15513     20280
15514     20316
15515     20352
15516     20880
15517     19788
15518     19824
15519     19860
15520     19896
15521     19932
15522     19968
15523     20004
15524     20040
15525     20280
15526     20340
15527     20400
15528     20460
15529     20520
15530     20736
15531     20772
15532     20808
15533     20844
15534     20880
15535     20916
15536     20952
15537     20820
15538     20412
15539     20460
15540     20508
15541     20580
15542     22320
15543     22380
15544     22560
15545     20520
15546     20556
15547     21492
15548     21540
15549     21588
15550     21636
15551     21684
15552     20550
15553     18720
15554     18756
15555     18792
15556     18828
15557     18864
15558     18900
15559     18960
15560     19020
15561     19110
15562     15852
15563     15960
15564     15990
15565     16020
15566     16068
15567     16116
15568     16164
15569     16212
15570     unreachable
15571     unreachable
15572     23484
15573     23820
15574     24156
15575     24204
15576     21912
15577     21960
15578     22002
15579     22044
15580     22086
15581     22128
15582     22170
15583     22212
15584     28650
15585     28800
15586     28950
15587     25344
15588     25404
15589     25452
15590     25500
15591     25548
15592     25620
15593     25668
15594     25716
15595     25764
15596     26100
15597     29400
15598     12480
15599     12540
15600     12588
15601     12636
15602     12684
15603     12732
15604     12900
15605     16080
15606     16140
15607     16260
15608     16308
15609     16356
15610     16404
15611     16452
15612     16500
15613     16560
15614     21900
15615     20010
15616     20052
15617     20100
15618     20148
15619     20196
15620     20700
15621     20748
15622     20796
15623     20982
15624     20520
15625     20724
15626     20772
15627     20820
15628     21240
15629     21300
15630     21372
15631     49338
15632     49476
15633     49614
15634     49752
15635     49890
15636     50040
15637     50076
15638     24096
15639     24132
15640     24180
15641     24240
15642     24300
15643     24360
15644     24420
15645     24480
15646     24540
15647     24600
15648     50580
15649     50640
15650     50682
15651     50724
15652     50766
15653     50820
15654     unreachable
15655     unreachable
15656     unreachable
15657     unreachable
15658     unreachable
15659     unreachable
15660     unreachable
15661     24660
15662     24720
15663     24780
15664     24840
15665     24900
15666     28920
15667     28980
15668     29166
15669     29352
15670     29538
15671     29724
15672     29880
15673     30000
15674     30780
15675     22170
15676     13344
15677     13386
15678     13428
15679     13470
15680     13512
15681     18600
15682     18648
15683     18696
15684     20256
15685     20292
15686     17208
15687     17292
15688     17520
15689     17550
15690     17580
15691     17610
15692     17640
15693     21936
15694     21972
15695     29940
15696     22584
15697     22632
15698     19224
15699     19266
15700     19308
15701     19350
15702     19392
15703     17376
15704     19644
15705     13680
15706     13716
15707     20520
15708     20580
15709     20640
15710     19896
15711     19932
15712     19968
15713     20004
15714     20040
15715     20076
15716     19716
15717     19788
15718     19860
15719     29196
15720     29550
15721     54378
15722     54456
15723     54684
15724     13560
15725     13620
15726     27570
15727     27636
15728     56238
15729     56304
15730     52140
15731     37980
15732     38460
15733     38880
15734     51000
15735     51498
15736     unreachable
15737     unreachable
15738     unreachable
15739     unreachable
15740     unreachable
15741     unreachable
15742     unreachable
15743     unreachable
15744     unreachable
15745     unreachable
15746     unreachable
15747     unreachable
15748     unreachable
15749     unreachable
15750     unreachable
15751     unreachable
15752     23100
15753     23124
15754     23160
15755     23196
15756     23700
15757     23742
15758     23784
15759     23826
15760     23880
15761     23940
15762     24000
15763     24078
15764     24156
15765     24240
15766     24288
15767     24336
15768     24384
15769     24432
15770     23040
15771     23430
15772     23460
15773     21750
15774     21780
15775     21810
15776     21840
15777     21870
15778     21900
15779     21930
15780     21960
15781     21990
15782     21510
15783     21552
15784     21600
15785     21648
15786     21696
15787     22248
15788     22284
15789     22320
15790     22356
15791     22440
15792     22488
15793     22536
15794     22890
15795     22932
15796     22974
15797     23040
15798     unreachable
15799     unreachable
15800     unreachable
15801     unreachable
15802     21900
15803     22008
15804     22044
15805     22080
15806     22140
15807     22200
15808     22230
15809     22260
15810     22290
15811     21120
15812     21162
15813     20520
15814     21240
15815     21282
15816     21330
15817     22530
15818     22560
15819     22590
15820     22620
15821     22650
15822     22680
15823     22710
15824     22740
15825     22770
15826     22902
15827     22944
15828     22986
15829     18528
15830     18576
15831     18720
15832     18780
15833     18936
15834     18972
15835     19008
15836     19044
15837     19260
15838     21456
15839     21492
15840     21528
15841     21564
15842     21720
15843     21756
15844     21900
15845     21936
15846     unreachable
15847     18300
15848     18360
15849     18420
15850     18528
15851     18576
15852     18624
15853     18672
15854     18720
15855     20028
15856     20076
15857     20124
15858     20172
15859     20220
15860     20340
15861     20400
15862     20460
15863     20820
15864     20160
15865     17916
15866     17964
15867     18012
15868     18060
15869     18120
15870     18180
15871     18216
15872     18252
15873     18288
15874     18324
15875     18360
15876     18396
15877     18432
15878     18468
15879     18504
15880     18540
15881     18570
15882     18600
15883     18630
15884     18660
15885     19440
15886     19260
15887     19320
15888     19380
15889     19440
15890     19482
15891     19524
15892     19566
15893     19620
15894     19656
15895     19692
15896     19728
15897     19764
15898     19800
15899     19860
15900     19920
15901     19980
15902     20040
15903     20100
15904     12960
15905     13002
15906     13044
15907     13086
15908     13128
15909     20088
15910     20112
15911     20160
15912     20490
15913     20520
15914     20364
15915     20412
15916     20460
15917     20508
15918     5580
15919     18456
15920     18492
15921     18528
15922     18564
15923     18600
15924     18636
15925     7410
15926     7440
15927     7470
15928     7680
15929     7884
15930     5496
15931     5544
15932     4140
15933     4740
15934     4788
15935     2916
15936     3420
15937     16248
15938     4068
15939     4116
15940     16392
15941     4230
15942     4260
15943     4440
15944     4476
15945     4512
15946     4548
15947     4584
15948     17460
15949     17496
15950     17532
15951     17568
15952     17604
15953     17640
15954     8100
15955     8148
15956     8196
15957     8244
15958     8292
15959     8340
15960     8400
15961     8436
15962     8472
15963     8508
15964     8544
15965     8580
15966     8616
15967     8652
15968     8688
15969     8760
15970     8796
15971     8832
15972     8868
15973     8904
15974     8940
15975     17460
15976     19800
15977     19830
15978     18744
15979     17580
15980     18462
15981     18504
15982     18546
15983     18588
15984     18630
15985     18672
15986     18720
15987     18750
15988     18780
15989     18810
15990     18840
15991     18870
15992     18900
15993     18930
15994     18960
15995     19020
15996     19062
15997     19104
15998     19146
15999     19188
16000     19230
16001     19272
16002     4968
16003     5016
16004     15156
16005     15228
16006     15300
16007     15354
16008     15408
16009     15462
16010     15516
16011     16800
16012     16530
16013     16560
16014     16620
16015     16710
16016     16800
16017     16860
16018     16920
16019     16980
16020     17040
16021     25080
16022     25248
16023     25302
16024     25404
16025     25452
16026     25506
16027     25560
16028     25596
16029     25632
16030     25668
16031     25704
16032     25740
16033     25776
16034     25812
16035     25848
16036     17100
16037     17130
16038     8004
16039     17340
16040     21960
16041     6276
16042     6312
16043     6348
16044     6384
16045     6420
16046     6492
16047     6564
16048     6708
16049     6780
16050     23160
16051     23190
16052     23220
16053     21288
16054     21324
16055     23310
16056     20472
16057     23400
16058     23460
16059     23520
16060     21180
16061     21390
16062     20328
16063     20364
16064     21180
16065     21210
16066     20460
16067     7860
16068     7896
16069     7932
16070     7968
16071     21060
16072     16344
16073     16386
16074     21210
16075     21246
16076     21288
16077     21324
16078     21360
16079     21402
16080     21438
16081     21480
16082     21516
16083     21558
16084     21600
16085     21636
16086     21678
16087     21720
16088     21756
16089     21798
16090     21840
16091     25824
16092     25848
16093     25656
16094     25638
16095     25980
16096     25584
16097     25560
16098     26124
16099     24900
16100     23460
16101     8040
16102     8082
16103     20760
16104     20820
16105     20880
16106     20940
16107     21000
16108     21060
16109     21120
16110     23436
16111     23472
16112     23508
16113     23544
16114     23580
16115     23640
16116     23676
16117     23712
16118     23760
16119     23808
16120     23856
16121     23904
16122     23952
16123     22020
16124     24120
16125     24180
16126     24240
16127     24300
16128     28092
16129     28140
16130     28200
16131     28830
16132     28860
16133     28890
16134     28920
16135     28950
16136     28980
16137     29010
16138     29040
16139     24480
16140     22380
16141     22440
16142     22536
16143     22572
16144     22608
16145     22644
16146     22680
16147     22716
16148     22752
16149     22800
16150     23136
16151     23172
16152     23208
16153     23244
16154     23280
16155     22020
16156     22056
16157     22092
16158     19620
16159     19668
16160     19716
16161     19764
16162     6150
16163     6192
16164     6240
16165     21930
16166     23460
16167     25536
16168     25620
16169     25674
16170     25698
16171     22860
16172     8124
16173     8166
16174     8208
16175     8250
16176     23946
16177     23994
16178     24036
16179     24084
16180     24132
16181     24180
16182     24216
16183     24258
16184     24300
16185     5856
16186     5892
16187     5940
16188     24480
16189     25470
16190     25518
16191     25566
16192     25620
16193     25680
16194     25740
16195     25800
16196     25842
16197     25890
16198     25932
16199     25980
16200     26022
16201     26070
16202     26112
16203     26160
16204     26196
16205     26232
16206     26268
16207     23880
16208     8340
16209     8376
16210     8412
16211     24042
16212     6024
16213     6066
16214     6108
16215     22590
16216     23088
16217     22500
16218     23124
16219     23160
16220     23196
16221     23238
16222     23280
16223     23340
16224     23400
16225     23460
16226     23520
16227     22776
16228     22812
16229     22848
16230     20250
16231     20280
16232     24204
16233     23262
16234     24246
16235     23220
16236     24336
16237     24378
16238     24420
16239     22080
16240     22140
16241     24552
16242     22620
16243     24672
16244     24750
16245     24822
16246     24900
16247     25320
16248     25380
16249     22842
16250     23070
16251     23100
16252     23136
16253     23166
16254     23196
16255     23208
16256     23232
16257     23292
16258     23328
16259     23358
16260     21426
16261     21468
16262     21510
16263     21552
16264     22008
16265     22056
16266     22104
16267     22152
16268     22200
16269     22260
16270     22296
16271     22338
16272     22380
16273     22440
16274     22560
16275     16260
16276     16428
16277     16470
16278     16512
16279     16554
16280     23358
16281     23436
16282     23520
16283     23580
16284     23640
16285     23700
16286     23880
16287     23910
16288     23940
16289     24000
16290     24060
16291     24126
16292     24192
16293     24222
16294     24258
16295     24324
16296     24390
16297     24462
16298     24540
16299     24582
16300     24630
16301     24720
16302     24810
16303     24900
16304     24990
16305     16950
16306     16980
16307     17010
16308     17040
16309     17070
16310     22200
16311     22260
16312     22308
16313     22362
16314     22416
16315     22464
16316     22518
16317     22572
16318     22890
16319     22944
16320     22992
16321     23046
16322     23220
16323     23280
16324     22980
16325     20730
16326     23796
16327     23832
16328     23868
16329     23904
16330     23940
16331     24000
16332     24180
16333     24258
16334     24336
16335     8448
16336     8484
16337     24660
16338     24696
16339     24732
16340     24768
16341     20016
16342     24840
16343     24876
16344     24912
16345     24960
16346     25236
16347     25272
16348     25320
16349     25380
16350     25440
16351     5784
16352     5820
16353     22158
16354     22236
16355     22320
16356     22500
16357     22536
16358     22572
16359     22608
16360     22644
16361     22680
16362     16620
16363     21156
16364     21198
16365     21240
16366     21276
16367     21318
16368     21360
16369     21396
16370     21438
16371     21480
16372     21516
16373     21558
16374     21600
16375     21636
16376     21720
16377     21756
16378     21798
16379     21876
16380     21918
16381     21960
16382     22080
16383     22140
16384     22200
16385     22260
16386     22320
16387     22482
16388     22530
16389     22572
16390     22620
16391     22650
16392     22686
16393     22722
16394     22752
16395     22788
16396     22824
16397     22854
16398     22890
16399     22926
16400     22956
16401     22992
16402     23058
16403     23094
16404     23130
16405     6684
16406     6720
16407     unreachable
16408     19944
16409     20016
16410     20088
16411     20160
16412     20190
16413     20220
16414     20322
16415     20370
16416     20412
16417     20460
16418     20502
16419     20550
16420     20592
16421     20640
16422     20682
16423     6024
16424     6066
16425     6108
16426     6150
16427     6192
16428     6234
16429     6276
16430     6360
16431     6396
16432     6432
16433     6468
16434     6504
16435     6540
16436     6576
16437     6612
16438     7764
16439     7812
16440     7980
16441     20580
16442     20616
16443     20652
16444     19476
16445     19512
16446     19548
16447     19584
16448     19620
16449     19656
16450     19692
16451     19740
16452     19782
16453     19824
16454     19866
16455     19908
16456     19950
16457     19992
16458     20034
16459     21096
16460     21132
16461     21168
16462     21204
16463     21240
16464     21120
16465     21156
16466     20994
16467     21048
16468     21102
16469     21156
16470     21210
16471     21264
16472     21318
16473     21372
16474     21984
16475     22026
16476     22068
16477     22110
16478     20160
16479     20244
16480     20328
16481     22278
16482     22320
16483     22380
16484     21768
16485     21816
16486     23226
16487     23268
16488     23310
16489     23352
16490     23394
16491     22080
16492     22536
16493     22572
16494     22608
16495     22644
16496     22680
16497     17262
16498     17310
16499     17352
16500     18960
16501     18996
16502     19032
16503     19068
16504     20448
16505     20484
16506     20520
16507     17742
16508     17790
16509     17832
16510     21888
16511     21936
16512     21984
16513     19488
16514     5298
16515     20496
16516     20532
16517     20568
16518     20604
16519     20844
16520     20892
16521     20940
16522     20970
16523     21000
16524     21018
16525     21036
16526     21054
16527     21072
16528     21090
16529     21108
16530     21126
16531     21180
16532     21228
16533     20460
16534     20490
16535     21540
16536     21570
16537     21600
16538     28200
16539     28548
16540     28596
16541     28644
16542     28692
16543     22842
16544     22884
16545     22926
16546     22980
16547     21210
16548     21240
16549     21270
16550     21300
16551     21810
16552     21840
16553     21870
16554     21900
16555     24420
16556     24462
16557     24504
16558     24546
16559     27960
16560     28008
16561     28056
16562     28104
16563     5760
16564     16860
16565     17130
16566     17160
16567     17190
16568     17220
16569     17580
16570     unreachable
16571     5172
16572     4476
16573     4890
16574     4920
16575     4950
16576     4980
16577     5010
16578     4560
16579     4620
16580     4680
16581     5064
16582     5112
16583     5160
16584     5208
16585     5280
16586     5442
16587     5484
16588     5526
16589     5568
16590     5610
16591     4620
16592     4680
16593     4722
16594     4764
16595     4806
16596     4848
16597     4890
16598     4932
16599     4974
16600     5040
16601     6060
16602     unreachable
16603     7020
16604     7050
16605     7080
16606     7110
16607     7140
16608     7170
16609     7200
16610     7230
16611     7260
16612     7320
16613     7350
16614     7380
16615     18486
16616     18528
16617     18570
16618     18612
16619     18654
16620     18840
16621     18888
16622     18936
16623     18984
16624     4800
16625     19392
16626     19440
16627     19488
16628     18720
16629     18744
16630     18780
16631     18858
16632     19632
16633     19728
16634     19776
16635     19824
16636     19872
16637     17154
16638     17196
16639     17238
16640     17280
16641     20220
16642     20280
16643     4860
16644     17700
16645     17760
16646     4620
16647     4662
16648     4710
16649     4758
16650     18096
16651     18144
16652     18192
16653     18240
16654     18288
16655     19200
16656     19260
16657     19290
16658     19320
16659     6300
16660     15642
16661     15690
16662     15732
16663     15780
16664     15816
16665     15858
16666     8676
16667     8712
16668     8748
16669     8784
16670     8820
16671     5622
16672     5664
16673     16986
16674     17028
16675     17070
16676     17112
16677     4800
16678     4848
16679     4896
16680     4938
16681     4986
16682     5400
16683     5460
16684     5490
16685     5520
16686     5550
16687     5580
16688     5610
16689     5640
16690     6036
16691     6078
16692     6120
16693     6180
16694     6240
16695     4440
16696     4488
16697     4536
16698     4620
16699     4680
16700     unreachable
16701     4740
16702     5262
16703     5304
16704     5346
16705     5400
16706     5442
16707     5706
16708     5748
16709     5790
16710     5880
16711     17208
16712     17244
16713     17280
16714     17352
16715     17484
16716     17526
16717     17580
16718     17622
16719     17664
16720     17706
16721     18096
16722     18114
16723     18132
16724     18168
16725     18186
16726     18240
16727     18288
16728     18336
16729     18384
16730     18432
16731     18480
16732     23352
16733     23424
16734     23496
16735     24180
16736     25686
16737     25752
16738     21852
16739     21924
16740     21996
16741     22068
16742     24360
16743     24420
16744     23328
16745     23376
16746     7920
16747     7950
16748     7980
16749     8010
16750     8040
16751     8070
16752     8100
16753     8130
16754     8160
16755     4920
16756     4950
16757     4980
16758     5010
16759     5040
16760     5070
16761     5100
16762     5130
16763     5160
16764     5220
16765     23256
16766     23304
16767     23352
16768     23400
16769     22680
16770     19758
16771     19800
16772     19836
16773     19878
16774     5712
16775     19944
16776     19968
16777     19992
16778     20040
16779     20088
16780     20142
16781     20196
16782     20244
16783     20298
16784     20940
16785     20976
16786     21012
16787     21048
16788     21084
16789     21120
16790     21156
16791     21240
16792     21276
16793     21312
16794     21348
16795     21384
16796     21420
16797     21528
16798     21564
16799     21600
16800     21648
16801     21696
16802     unreachable
16803     unreachable
16804     unreachable
16805     unreachable
16806     unreachable
16807     unreachable
16808     unreachable
16809     unreachable
16810     unreachable
16811     20832
16812     20862
16813     20892
16814     20928
16815     20958
16816     21000
16817     21096
16818     21126
16819     21156
16820     21192
16821     21222
16822     21252
16823     21888
16824     21930
16825     21972
16826     22014
16827     22056
16828     22098
16829     22140
16830     22170
16831     22200
16832     22230
16833     8592
16834     22308
16835     22356
16836     21360
16837     21420
16838     21438
16839     21456
16840     21474
16841     21492
16842     21510
16843     21528
16844     21546
16845     21564
16846     21600
16847     21630
16848     21660
16849     21678
16850     21696
16851     21720
16852     21780
16853     21804
16854     21828
16855     21366
16856     21408
16857     21450
16858     21492
16859     21990
16860     22020
16861     22050
16862     22080
16863     22110
16864     22140
16865     22200
16866     22230
16867     22260
16868     22290
16869     22320
16870     22350
16871     22380
16872     21090
16873     21120
16874     21150
16875     21180
16876     21210
16877     21240
16878     21300
16879     21330
16880     21360
16881     21390
16882     21420
16883     21450
16884     21480
16885     20880
16886     20910
16887     20940
16888     20970
16889     21660
16890     21684
16891     21708
16892     21732
16893     21738
16894     21744
16895     21756
16896     21780
16897     21792
16898     21804
16899     21828
16900     21852
16901     21876
16902     21780
16903     21810
16904     21840
16905     21870
16906     21900
16907     21960
16908     22002
16909     22980
16910     23442
16911     21150
16912     21180
16913     21720
16914     19980
16915     20046
16916     21930
16917     21960
16918     16644
16919     16668
16920     16692
16921     16716
16922     16740
16923     16800
16924     16860
16925     12816
16926     12852
16927     12888
16928     12924
16929     12960
16930     12996
16931     13032
16932     13140
16933     13170
16934     13200
16935     13230
16936     13260
16937     15384
16938     15426
16939     15480
16940     15588
16941     15624
16942     15660
16943     15696
16944     15732
16945     6360
16946     6402
16947     6444
16948     6486
16949     6540
16950     6576
16951     6612
16952     6648
16953     35580
16954     35610
16955     35640
16956     35670
16957     35700
16958     35760
16959     35844
16960     35886
16961     35928
16962     35970
16963     35802
16964     20580
16965     20622
16966     20664
16967     20790
16968     20832
16969     20874
16970     20916
16971     20958
16972     21000
16973     21060
16974     21102
16975     21282
16976     21324
16977     21204
16978     21252
16979     21750
16980     21780
16981     21810
16982     21840
16983     21930
16984     21960
16985     21990
16986     22080
16987     22122
16988     22164
16989     22206
16990     20148
16991     20184
16992     20220
16993     20280
16994     20322
16995     20364
16996     20490
16997     20532
16998     20574
16999     20616
17000     19068
17001     21000
17002     21030
17003     21060
17004     21120
17005     21192
17006     21240
17007     21288
17008     21336
17009     21384
17010     21432
17011     21480
17012     21528
17013     21624
17014     21672
17015     21720
17016     21762
17017     23460
17018     23742
17019     23784
17020     23826
17021     23868
17022     23910
17023     23952
17024     23994
17025     24060
17026     24108
17027     24156
17028     24204
17029     24252
17030     24300
17031     24360
17032     24420
17033     24480
17034     24540
17035     24600
17036     24660
17037     22584
17038     22626
17039     22668
17040     22710
17041     22752
17042     22800
17043     22848
17044     22896
17045     22944
17046     22992
17047     23040
17048     23100
17049     23148
17050     23196
17051     23244
17052     23292
17053     23340
17054     23388
17055     24996
17056     25836
17057     25872
17058     25920
17059     25980
17060     26040
17061     26100
17062     22908
17063     22944
17064     22980
17065     23016
17066     23052
17067     23088
17068     unreachable
17069     24102
17070     24144
17071     24186
17072     24228
17073     24270
17074     24312
17075     24660
17076     24720
17077     24780
17078     24822
17079     24876
17080     24912
17081     24948
17082     unreachable
17083     22608
17084     22644
17085     22680
17086     23580
17087     23700
17088     23760
17089     23820
17090     23880
17091     23940
17092     24000
17093     24060
17094     24120
17095     24180
17096     24240
17097     24300
17098     24360
17099     24444
17100     24528
17101     24612
17102     24696
17103     24780
17104     24816
17105     24852
17106     24888
17107     24924
17108     24960
17109     24996
17110     25032
17111     25080
17112     25122
17113     25164
17114     25206
17115     25260
17116     25320
17117     25380
17118     unreachable
17119     unreachable
17120     unreachable
17121     unreachable
17122     unreachable
17123     unreachable
17124     unreachable
17125     unreachable
17126     unreachable
17127     unreachable
17128     unreachable
17129     unreachable
17130     unreachable
17131     unreachable
17132     unreachable
17133     unreachable
17134     unreachable
17135     unreachable
17136     unreachable
17137     unreachable
17138     unreachable
17139     unreachable
17140     unreachable
17141     unreachable
17142     unreachable
17143     unreachable
17144     unreachable
17145     unreachable
17146     unreachable
17147     unreachable
17148     unreachable
17149     21672
17150     21720
17151     24300
17152     24360
17153     29100
17154     29160
17155     29556
17156     29640
17157     55440
17158     55488
17159     55536
17160     55746
17161     55812
17162     23058
17163     23136
17164     43680
17165     unreachable
17166     23022
17167     23064
17168     23106
17169     23190
17170     23280
17171     23310
17172     23340
17173     23400
17174     23442
17175     23484
17176     23526
17177     23616
17178     23652
17179     23688
17180     23724
17181     23760
17182     17748
17183     21096
17184     21216
17185     21252
17186     21360
17187     21396
17188     21432
17189     20256
17190     20292
17191     20400
17192     20436
17193     20520
17194     16788
17195     24396
17196     24408
17197     24456
17198     24504
17199     24540
17200     24600
17201     24642
17202     25032
17203     25122
17204     25164
17205     25206
17206     27612
17207     27708
17208     27900
17209     27960
17210     28440
17211     28518
17212     28596
17213     19500
17214     18000
17215     17508
17216     17544
17217     17520
17218     17562
17219     20064
17220     20112
17221     20160
17222     20196
17223     20232
17224     20280
17225     20316
17226     20352
17227     20388
17228     20424
17229     20460
17230     20520
17231     22410
17232     22440
17233     22476
17234     22512
17235     22548
17236     22584
17237     22620
17238     22680
17239     22716
17240     22752
17241     22800
17242     22836
17243     25560
17244     19680
17245     18660
17246     18720
17247     18780
17248     18816
17249     18852
17250     18900
17251     18960
17252     19020
17253     19080
17254     19140
17255     8640
17256     16284
17257     16326
17258     16368
17259     16410
17260     16452
17261     16656
17262     17580
17263     17772
17264     17838
17265     17904
17266     17970
17267     23742
17268     23784
17269     23826
17270     23880
17271     23922
17272     23964
17273     24006
17274     24060
17275     22350
17276     22380
17277     18156
17278     18204
17279     8430
17280     8496
17281     9048
17282     9096
17283     6372
17284     6414
17285     6792
17286     6828
17287     6864
17288     6900
17289     7500
17290     7542
17291     7584
17292     7626
17293     7668
17294     7710
17295     7836
17296     7872
17297     7458
17298     7536
17299     4956
17300     4992
17301     6444
17302     6516
17303     6588
17304     6720
17305     6750
17306     6780
17307     6810
17308     6840
17309     6870
17310     6900
17311     9216
17312     9300
17313     9336
17314     9372
17315     9408
17316     9444
17317     9480
17318     9552
17319     9624
17320     7980
17321     8040
17322     8100
17323     8136
17324     8172
17325     8220
17326     8256
17327     8292
17328     6492
17329     6540
17330     6582
17331     6624
17332     6666
17333     7200
17334     6618
17335     6684
17336     6750
17337     6840
17338     6930
17339     7020
17340     7110
17341     7680
17342     17700
17343     9048
17344     9090
17345     7902
17346     7944
17347     7986
17348     8028
17349     7980
17350     9108
17351     9144
17352     9180
17353     9240
17354     9300
17355     9360
17356     9420
17357     9540
17358     9582
17359     9624
17360     9666
17361     9708
17362     9750
17363     9792
17364     9840
17365     9876
17366     9912
17367     9948
17368     9984
17369     10020
17370     6024
17371     6072
17372     5538
17373     5640
17374     6252
17375     6288
17376     6324
17377     6360
17378     6420
17379     6636
17380     6672
17381     6708
17382     6744
17383     6780
17384     6930
17385     6960
17386     6990
17387     7020
17388     7080
17389     7092
17390     7104
17391     7908
17392     18036
17393     18540
17394     18636
17395     18684
17396     18732
17397     18780
17398     19020
17399     19380
17400     10440
17401     10500
17402     19548
17403     19590
17404     7380
17405     7410
17406     7440
17407     20340
17408     20400
17409     6120
17410     6180
17411     6240
17412     20208
17413     20256
17414     20304
17415     7740
17416     7212
17417     20448
17418     21042
17419     21084
17420     21126
17421     21168
17422     21210
17423     22110
17424     22200
17425     6864
17426     6900
17427     6936
17428     20334
17429     7500
17430     7560
17431     8298
17432     8364
17433     8220
17434     unreachable
17435     9396
17436     11004
17437     11040
17438     11076
17439     11112
17440     19704
17441     21240
17442     21300
17443     21756
17444     21852
17445     21900
17446     21948
17447     22020
17448     20970
17449     21060
17450     21420
17451     21600
17452     21660
17453     21720
17454     20124
17455     7242
17456     7284
17457     7326
17458     7368
17459     23400
17460     20484
17461     20532
17462     20580
17463     12600
17464     12618
17465     12636
17466     12654
17467     12672
17468     12690
17469     12708
17470     13092
17471     8250
17472     8292
17473     8334
17474     5580
17475     5760
17476     5820
17477     5880
17478     5940
17479     6360
17480     6390
17481     6420
17482     6450
17483     6480
17484     7020
17485     7056
17486     7092
17487     7128
17488     18780
17489     18840
17490     8688
17491     8736
17492     8784
17493     8832
17494     6144
17495     6192
17496     6240
17497     21720
17498     7620
17499     7680
17500     7710
17501     7740
17502     7770
17503     7800
17504     7860
17505     7920
17506     5700
17507     6720
17508     6900
17509     6960
17510     7020
17511     7080
17512     7116
17513     7152
17514     7200
17515     7260
17516     22080
17517     20442
17518     20484
17519     20748
17520     20784
17521     20820
17522     7860
17523     7890
17524     7920
17525     7980
17526     8016
17527     8052
17528     8088
17529     8124
17530     6876
17531     6960
17532     7020
17533     5640
17534     6996
17535     7080
17536     7140
17537     7200
17538     5916
17539     5952
17540     5988
17541     6024
17542     6060
17543     6096
17544     6132
17545     6168
17546     5700
17547     5880
17548     6036
17549     6072
17550     6108
17551     6144
17552     6180
17553     6240
17554     unreachable
17555     16980
17556     17040
17557     17100
17558     17160
17559     17940
17560     18000
17561     18060
17562     18120
17563     18252
17564     18300
17565     17460
17566     17490
17567     20316
17568     20400
17569     20442
17570     20484
17571     20526
17572     20568
17573     20610
17574     20652
17575     21060
17576     21120
17577     21180
17578     21240
17579     21300
17580     21360
17581     19380
17582     19440
17583     19500
17584     19560
17585     7446
17586     7488
17587     7530
17588     7572
17589     unreachable
17590     unreachable
17591     unreachable
17592     unreachable
17593     unreachable
17594     unreachable
17595     unreachable
17596     unreachable
17597     unreachable
17598     unreachable
17599     unreachable
17600     unreachable
17601     24438
17602     24516
17603     24600
17604     20772
17605     20820
17606     20856
17607     20892
17608     20964
17609     21000
17610     21036
17611     21072
17612     21108
17613     21180
17614     21516
17615     21558
17616     21600
17617     19392
17618     19428
17619     19500
17620     19842
17621     19884
17622     19536
17623     19572
17624     19608
17625     19860
17626     19920
17627     19962
17628     20004
17629     20046
17630     20172
17631     20214
17632     20280
17633     20316
17634     21690
17635     21720
17636     21750
17637     22092
17638     22164
17639     22236
17640     22308
17641     22380
17642     22410
17643     22440
17644     22500
17645     22530
17646     22560
17647     22620
17648     22662
17649     22704
17650     22746
17651     22830
17652     22872
17653     22920
17654     22980
17655     23040
17656     23100
17657     23160
17658     23220
17659     23280
17660     23340
17661     23790
17662     23880
17663     23970
17664     24060
17665     24150
17666     24240
17667     24330
17668     24420
17669     24462
17670     24504
17671     23730
17672     23772
17673     23820
17674     23880
17675     23940
17676     24000
17677     24336
17678     24372
17679     19740
17680     19860
17681     19920
17682     19980
17683     20040
17684     20100
17685     20160
17686     20196
17687     20232
17688     20268
17689     20304
17690     20340
17691     20400
17692     20478
17693     20556
17694     20640
17695     20682
17696     20724
17697     20766
17698     20808
17699     20850
17700     20892
17701     20934
17702     20976
17703     21018
17704     21060
17705     21120
17706     21162
17707     21204
17708     21246
17709     21288
17710     21330
17711     21372
17712     21420
17713     21900
17714     21780
17715     18930
17716     18960
17717     18990
17718     19020
17719     19050
17720     19080
17721     19140
17722     19182
17723     19224
17724     19266
17725     19308
17726     19350
17727     19392
17728     19434
17729     19476
17730     19518
17731     19560
17732     19620
17733     19698
17734     19776
17735     19860
17736     19920
17737     19980
17738     20040
17739     20100
17740     20160
17741     20220
17742     20280
17743     20340
17744     20520
17745     20268
17746     20310
17747     20352
17748     20394
17749     20436
17750     20520
17751     20640
17752     20688
17753     20736
17754     20784
17755     20832
17756     20880
17757     20928
17758     20976
17759     21024
17760     20652
17761     20688
17762     20760
17763     20838
17764     21024
17765     20580
17766     21372
17767     21420
17768     19116
17769     19164
17770     19212
17771     21168
17772     21216
17773     21264
17774     21312
17775     21360
17776     21408
17777     21456
17778     21504
17779     21552
17780     21600
17781     21660
17782     21702
17783     21744
17784     21786
17785     21828
17786     21870
17787     21912
17788     21954
17789     21996
17790     22038
17791     22080
17792     19740
17793     19800
17794     19848
17795     19896
17796     19944
17797     19992
17798     20040
17799     22146
17800     22188
17801     22728
17802     22776
17803     22824
17804     22872
17805     22920
17806     22968
17807     23016
17808     23064
17809     23208
17810     23256
17811     23304
17812     23352
17813     23760
17814     24720
17815     24780
17816     24840
17817     24900
17818     24960
17819     25104
17820     25146
17821     25188
17822     25230
17823     25272
17824     25314
17825     25356
17826     21408
17827     21450
17828     10020
17829     10080
17830     10140
17831     10176
17832     10212
17833     10248
17834     10284
17835     5940
17836     6000
17837     6060
17838     6090
17839     6120
17840     6150
17841     6180
17842     7116
17843     7260
17844     9090
17845     9156
17846     9240
17847     9276
17848     9312
17849     9360
17850     9408
17851     9456
17852     9504
17853     9552
17854     9600
17855     8520
17856     8856
17857     8952
17858     9060
17859     6000
17860     6030
17861     6060
17862     6090
17863     6120
17864     6150
17865     6180
17866     6240
17867     6300
17868     6360
17869     6420
17870     6486
17871     10542
17872     10584
17873     19890
17874     19932
17875     21900
17876     21660
17877     20676
17878     20748
17879     11340
17880     11376
17881     11412
17882     21306
17883     21348
17884     21390
17885     21432
17886     21474
17887     17760
17888     6942
17889     6408
17890     6450
17891     19380
17892     6480
17893     19464
17894     19506
17895     19548
17896     6564
17897     6612
17898     20028
17899     20076
17900     20916
17901     21360
17902     21642
17903     21684
17904     18672
17905     20100
17906     18588
17907     18636
17908     20550
17909     21216
17910     21264
17911     21312
17912     22020
17913     22860
17914     20700
17915     20760
17916     20820
17917     20988
17918     21036
17919     21084
17920     19872
17921     19908
17922     22512
17923     22578
17924     19464
17925     19512
17926     20700
17927     20760
17928     20820
17929     20940
17930     21000
17931     21060
17932     7200
17933     21576
17934     21624
17935     21672
17936     21720
17937     21792
17938     21864
17939     21936
17940     22860
17941     22032
17942     22104
17943     22176
17944     22308
17945     22356
17946     22404
17947     21300
17948     20640
17949     20700
17950     19980
17951     20220
17952     20262
17953     20304
17954     20346
17955     20220
17956     18804
17957     18846
17958     20340
17959     20400
17960     20460
17961     19710
17962     19860
17963     19980
17964     20100
17965     20136
17966     20172
17967     20208
17968     20280
17969     20316
17970     20760
17971     20820
17972     21492
17973     21540
17974     20880
17975     20940
17976     21012
17977     21048
17978     21084
17979     21120
17980     21180
17981     21240
17982     21360
17983     21480
17984     19620
17985     19836
17986     18720
17987     19584
17988     unreachable
17989     unreachable
17990     unreachable
17991     unreachable
17992     19572
17993     20076
17994     20112
17995     20148
17996     20184
17997     20256
17998     20292
17999     20328
18000     20940
18001     21000
18002     21120
18003     20490
18004     20628
18005     20676
18006     17490
18007     17520
18008     17550
18009     17610
18010     17640
18011     17670
18012     17700
18013     18228
18014     18354
18015     18396
18016     21900
18017     21960
18018     22020
18019     5832
18020     6288
18021     6336
18022     6300
18023     6360
18024     6420
18025     21840
18026     19890
18027     19920
18028     19950
18029     19980
18030     20010
18031     20460
18032     20520
18033     20580
18034     20640
18035     20760
18036     20820
18037     20880
18038     20940
18039     21000
18040     21042
18041     21084
18042     21126
18043     21168
18044     20856
18045     20904
18046     20952
18047     21000
18048     21090
18049     21180
18050     21300
18051     21348
18052     21396
18053     21444
18054     21492
18055     22044
18056     22080
18057     22116
18058     22152
18059     22188
18060     22224
18061     21636
18062     22284
18063     22326
18064     22368
18065     22410
18066     22452
18067     22500
18068     18456
18069     18492
18070     18528
18071     18564
18072     18600
18073     18696
18074     18792
18075     19380
18076     20508
18077     20544
18078     20580
18079     20640
18080     20700
18081     20760
18082     21000
18083     21036
18084     21072
18085     21108
18086     21144
18087     21180
18088     21216
18089     16500
18090     16560
18091     16602
18092     16644
18093     18294
18094     18336
18095     18420
18096     18510
18097     17844
18098     18000
18099     22440
18100     18600
18101     18660
18102     22188
18103     22242
18104     22296
18105     22344
18106     22398
18107     22452
18108     22680
18109     22740
18110     22800
18111     22860
18112     21060
18113     21120
18114     21180
18115     21240
18116     21300
18117     21540
18118     21600
18119     21660
18120     21720
18121     21780
18122     21840
18123     20760
18124     20820
18125     19620
18126     19680
18127     19740
18128     19860
18129     19428
18130     19500
18131     20736
18132     20784
18133     20832
18134     16788
18135     8352
18136     8400
18137     8448
18138     8880
18139     7260
18140     7290
18141     7320
18142     7350
18143     7380
18144     7410
18145     7440
18146     7470
18147     7680
18148     7740
18149     7800
18150     9840
18151     9900
18152     9960
18153     6972
18154     8136
18155     8172
18156     8460
18157     8490
18158     8520
18159     8550
18160     8580
18161     6468
18162     6516
18163     22620
18164     22680
18165     22710
18166     22740
18167     22770
18168     22800
18169     22980
18170     23040
18171     23340
18172     21522
18173     21564
18174     21660
18175     21696
18176     21732
18177     21768
18178     21804
18179     21840
18180     21876
18181     11448
18182     11484
18183     11520
18184     10260
18185     7602
18186     7656
18187     7710
18188     7764
18189     7818
18190     7872
18191     8160
18192     8208
18193     8256
18194     8304
18195     8610
18196     8640
18197     8670
18198     8700
18199     unreachable
18200     8904
18201     8940
18202     8976
18203     9012
18204     9060
18205     9144
18206     9186
18207     9228
18208     9270
18209     9312
18210     9354
18211     9786
18212     9828
18213     9870
18214     9912
18215     9954
18216     9996
18217     10038
18218     unreachable
18219     7218
18220     7266
18221     7314
18222     7368
18223     7416
18224     7464
18225     6498
18226     7728
18227     7776
18228     7830
18229     7878
18230     7926
18231     7980
18232     22020
18233     18840
18234     7380
18235     7440
18236     7500
18237     7560
18238     7620
18239     7680
18240     7950
18241     7980
18242     8040
18243     8082
18244     8124
18245     8166
18246     8208
18247     6684
18248     6732
18249     6780
18250     6840
18251     6888
18252     6936
18253     6984
18254     7248
18255     7284
18256     7320
18257     7380
18258     5910
18259     7500
18260     7560
18261     7812
18262     8208
18263     8244
18264     8280
18265     9420
18266     9450
18267     9480
18268     9510
18269     9540
18270     9570
18271     9600
18272     9660
18273     9732
18274     9540
18275     9600
18276     9630
18277     9660
18278     9690
18279     9720
18280     9750
18281     9780
18282     9810
18283     9168
18284     9216
18285     9264
18286     20472
18287     9084
18288     9150
18289     8088
18290     8124
18291     8160
18292     22092
18293     20940
18294     21000
18295     21060
18296     21096
18297     21132
18298     21204
18299     21240
18300     21276
18301     21312
18302     21720
18303     21750
18304     21786
18305     21822
18306     21960
18307     22020
18308     22080
18309     22422
18310     22452
18311     21960
18312     22524
18313     20856
18314     20892
18315     20928
18316     20964
18317     21000
18318     21036
18319     21072
18320     21120
18321     21180
18322     21240
18323     21420
18324     23190
18325     23280
18326     23298
18327     23316
18328     23340
18329     unreachable
18330     23520
18331     unreachable
18332     23670
18333     23820
18334     24480
18335     unreachable
18336     unreachable
18337     24660
18338     23160
18339     23196
18340     23232
18341     23280
18342     23370
18343     23460
18344     23040
18345     22980
18346     22920
18347     22860
18348     21630
18349     21660
18350     21720
18351     22080
18352     22140
18353     22260
18354     22320
18355     22536
18356     22608
18357     22620
18358     22632
18359     22644
18360     22656
18361     22680
18362     22716
18363     22758
18364     22836
18365     22920
18366     23010
18367     23940
18368     24060
18369     23340
18370     23412
18371     23436
18372     21870
18373     22050
18374     22500
18375     22800
18376     10860
18377     10920
18378     10980
18379     7572
18380     7620
18381     7668
18382     7716
18383     5790
18384     5820
18385     5850
18386     5880
18387     6090
18388     6120
18389     6150
18390     6360
18391     20760
18392     20820
18393     20880
18394     22506
18395     22560
18396     22590
18397     22620
18398     22650
18399     22680
18400     22872
18401     22908
18402     22944
18403     22980
18404     23040
18405     23082
18406     23220
18407     23340
18408     20280
18409     20340
18410     20388
18411     20436
18412     20484
18413     20532
18414     20670
18415     20700
18416     20730
18417     20760
18418     20820
18419     20898
18420     18396
18421     18474
18422     18552
18423     29640
18424     28920
18425     19212
18426     19284
18427     19356
18428     22620
18429     22662
18430     22704
18431     22746
18432     29640
18433     21342
18434     21384
18435     21426
18436     21480
18437     18084
18438     18156
18439     18228
18440     21594
18441     21612
18442     21630
18443     22278
18444     22296
18445     22332
18446     22368
18447     29850
18448     29892
18449     29934
18450     29976
18451     30018
18452     30060
18453     30102
18454     30144
18455     57402
18456     57504
18457     57606
18458     57708
18459     57810
18460     58116
18461     29700
18462     51120
18463     29400
18464     30480
18465     20316
18466     20352
18467     20400
18468     20526
18469     20580
18470     20640
18471     20700
18472     21108
18473     21144
18474     21180
18475     21480
18476     21528
18477     21576
18478     21624
18479     21870
18480     21900
18481     21930
18482     21960
18483     21990
18484     22020
18485     22050
18486     22080
18487     20568
18488     20604
18489     20640
18490     20676
18491     20712
18492     20748
18493     20784
18494     20820
18495     21024
18496     21072
18497     21120
18498     21180
18499     21426
18500     21468
18501     21510
18502     21906
18503     21960
18504     22002
18505     22182
18506     22224
18507     22266
18508     22320
18509     19440
18510     19500
18511     20610
18512     20676
18513     20748
18514     20820
18515     20856
18516     20892
18517     20934
18518     20970
18519     21006
18520     21048
18521     21084
18522     21372
18523     21420
18524     21462
18525     21510
18526     21552
18527     21600
18528     21636
18529     21678
18530     21720
18531     9480
18532     21120
18533     21162
18534     21198
18535     21240
18536     21282
18537     21330
18538     21372
18539     21420
18540     21462
18541     21744
18542     21792
18543     21840
18544     21888
18545     21936
18546     21984
18547     22032
18548     19500
18549     19560
18550     22200
18551     22260
18552     22320
18553     19980
18554     6660
18555     6702
18556     6744
18557     5124
18558     5160
18559     16200
18560     5184
18561     5220
18562     5280
18563     unreachable
18564     unreachable
18565     unreachable
18566     4836
18567     4884
18568     4932
18569     4980
18570     5028
18571     16140
18572     16176
18573     16212
18574     16248
18575     16284
18576     16320
18577     16368
18578     16416
18579     16464
18580     16512
18581     16560
18582     16620
18583     16692
18584     16764
18585     16836
18586     16920
18587     16962
18588     17004
18589     17046
18590     17088
18591     17130
18592     17784
18593     17820
18594     17856
18595     17892
18596     16662
18597     16704
18598     16746
18599     17448
18600     17490
18601     17532
18602     17574
18603     17640
18604     17688
18605     17736
18606     17784
18607     17832
18608     18000
18609     18048
18610     18096
18611     18144
18612     18192
18613     18240
18614     18276
18615     18312
18616     18348
18617     18384
18618     18420
18619     18480
18620     18540
18621     18600
18622     2676
18623     2850
18624     unreachable
18625     unreachable
18626     18672
18627     18720
18628     18912
18629     4020
18630     4164
18631     4212
18632     4260
18633     3900
18634     3960
18635     4020
18636     4080
18637     5100
18638     5160
18639     5220
18640     5280
18641     5340
18642     21480
18643     20760
18644     20808
18645     20856
18646     20904
18647     20952
18648     20268
18649     20316
18650     20364
18651     20412
18652     unreachable
18653     unreachable
18654     unreachable
18655     unreachable
18656     unreachable
18657     17760
18658     17904
18659     17940
18660     2820
18661     16260
18662     16296
18663     16884
18664     16926
18665     16968
18666     17010
18667     17052
18668     17094
18669     17580
18670     unreachable
18671     2580
18672     2640
18673     2700
18674     2796
18675     2844
18676     2892
18677     2982
18678     3024
18679     3066
18680     3108
18681     3150
18682     3192
18683     3234
18684     3276
18685     3882
18686     3966
18687     4134
18688     4200
18689     4242
18690     4284
18691     4326
18692     4380
18693     4422
18694     4680
18695     16866
18696     16920
18697     16962
18698     17004
18699     17046
18700     17100
18701     17148
18702     17436
18703     17988
18704     18036
18705     18084
18706     18132
18707     18180
18708     18222
18709     18264
18710     18306
18711     18360
18712     18408
18713     18456
18714     18552
18715     18600
18716     18660
18717     18408
18718     18456
18719     18504
18720     18816
18721     18864
18722     18912
18723     18960
18724     19200
18725     19236
18726     19272
18727     19308
18728     19428
18729     19572
18730     19620
18731     19680
18732     18480
18733     18510
18734     18540
18735     18570
18736     18600
18737     18630
18738     18660
18739     18768
18740     18816
18741     18864
18742     18912
18743     19188
18744     19236
18745     19284
18746     19332
18747     19584
18748     19632
18749     19680
18750     19728
18751     17484
18752     17532
18753     17580
18754     18900
18755     18960
18756     18420
18757     18540
18758     19056
18759     19104
18760     19152
18761     20340
18762     20400
18763     19620
18764     21300
18765     18444
18766     18510
18767     18600
18768     18642
18769     18684
18770     18726
18771     18768
18772     18810
18773     18852
18774     19782
18775     19824
18776     19866
18777     20280
18778     19440
18779     19482
18780     19524
18781     19566
18782     6972
18783     20508
18784     20556
18785     20604
18786     20652
18787     20700
18788     20748
18789     20820
18790     20892
18791     3240
18792     15864
18793     3600
18794     3636
18795     3672
18796     2940
18797     3000
18798     3060
18799     3960
18800     4020
18801     4080
18802     2892
18803     2940
18804     3120
18805     3180
18806     3240
18807     18924
18808     19440
18809     19512
18810     19584
18811     19656
18812     19728
18813     2730
18814     20580
18815     5676
18816     5748
18817     5982
18818     21600
18819     8292
18820     8520
18821     8556
18822     8640
18823     18900
18824     18942
18825     18984
18826     19026
18827     19746
18828     19788
18829     20508
18830     20550
18831     21300
18832     21348
18833     21420
18834     25044
18835     25068
18836     25092
18837     25116
18838     25140
18839     25176
18840     25212
18841     25248
18842     25284
18843     25320
18844     25380
18845     25440
18846     25500
18847     36600
18848     37500
18849     37590
18850     37680
18851     37728
18852     37776
18853     37824
18854     37872
18855     37920
18856     37980
18857     38016
18858     38052
18859     20268
18860     20814
18861     20856
18862     20898
18863     20940
18864     20568
18865     20604
18866     20640
18867     20676
18868     21252
18869     21300
18870     23100
18871     21888
18872     21930
18873     21972
18874     22014
18875     22080
18876     22158
18877     22236
18878     22440
18879     22476
18880     22512
18881     22548
18882     22584
18883     22620
18884     22680
18885     21888
18886     21960
18887     22152
18888     22200
18889     22236
18890     22272
18891     22308
18892     22344
18893     22380
18894     22560
18895     22680
18896     22710
18897     22740
18898     22770
18899     22800
18900     18516
18901     18564
18902     18618
18903     18840
18904     18882
18905     18930
18906     18972
18907     19020
18908     19056
18909     19098
18910     19140
18911     19416
18912     19464
18913     19518
18914     4620
18915     20058
18916     20124
18917     20190
18918     20256
18919     20322
18920     20388
18921     20460
18922     20502
18923     20544
18924     20586
18925     20628
18926     20670
18927     20712
18928     20760
18929     20808
18930     21540
18931     21570
18932     21600
18933     21630
18934     21660
18935     22560
18936     22620
18937     unreachable
18938     unreachable
18939     unreachable
18940     20520
18941     20550
18942     20580
18943     20610
18944     21300
18945     21360
18946     21402
18947     21444
18948     21486
18949     21528
18950     21570
18951     21612
18952     21660
18953     21720
18954     21780
18955     21840
18956     21900
18957     21960
18958     22020
18959     21480
18960     21510
18961     21540
18962     21570
18963     21744
18964     21420
18965     21450
18966     21840
18967     21870
18968     21900
18969     21930
18970     21960
18971     22320
18972     22350
18973     22380
18974     22410
18975     22440
18976     22500
18977     22548
18978     22596
18979     22644
18980     21570
18981     21600
18982     21630
18983     21660
18984     21696
18985     21732
18986     21768
18987     21804
18988     21840
18989     21876
18990     22230
18991     22260
18992     22290
18993     22320
18994     21450
18995     21480
18996     22416
18997     22452
18998     22590
18999     22620
19000     22650
19001     22680
19002     22710
19003     20148
19004     20184
19005     20220
19006     20448
19007     20496
19008     20592
19009     20640
19010     20844
19011     20880
19012     20916
19013     20952
19014     20988
19015     21276
19016     21300
19017     21360
19018     21480
19019     21510
19020     21792
19021     21828
19022     21900
19023     unreachable
19024     unreachable
19025     unreachable
19026     21420
19027     21540
19028     21600
19029     21618
19030     21924
19031     21966
19032     22008
19033     22050
19034     22092
19035     22302
19036     22344
19037     22428
19038     22470
19039     22740
19040     22764
19041     22788
19042     17832
19043     17940
19044     18000
19045     18948
19046     19020
19047     19104
19048     19146
19049     19188
19050     19230
19051     19272
19052     19476
19053     19524
19054     19572
19055     19620
19056     19980
19057     20040
19058     20100
19059     20160
19060     20220
19061     19926
19062     19968
19063     20010
19064     20052
19065     20094
19066     20136
19067     20562
19068     20604
19069     20646
19070     20688
19071     20730
19072     20916
19073     20964
19074     21012
19075     21060
19076     21108
19077     21156
19078     21240
19079     21288
19080     3000
19081     3060
19082     3120
19083     19440
19084     19500
19085     19560
19086     19926
19087     19968
19088     20010
19089     20052
19090     20100
19091     20142
19092     20184
19093     20226
19094     20268
19095     20310
19096     20436
19097     20478
19098     20556
19099     20592
19100     20628
19101     20664
19102     20700
19103     20760
19104     21540
19105     20100
19106     20136
19107     20172
19108     20208
19109     20244
19110     20280
19111     20340
19112     20370
19113     20460
19114     20490
19115     20520
19116     20550
19117     20580
19118     20610
19119     20640
19120     20676
19121     20712
19122     20748
19123     20784
19124     21120
19125     21180
19126     21240
19127     2772
19128     2700
19129     2748
19130     2796
19131     2988
19132     3036
19133     3084
19134     3132
19135     3180
19136     3222
19137     3264
19138     3300
19139     3360
19140     3420
19141     3456
19142     3492
19143     3528
19144     3564
19145     3708
19146     3744
19147     3780
19148     2388
19149     2436
19150     2484
19151     2532
19152     2580
19153     2640
19154     7200
19155     7248
19156     7296
19157     7344
19158     7392
19159     7440
19160     30120
19161     unreachable
19162     27660
19163     57768
19164     57840
19165     unreachable
19166     54720
19167     54792
19168     54864
19169     28008
19170     unreachable
19171     27264
19172     29400
19173     7872
19174     8160
19175     8232
19176     8268
19177     8304
19178     8340
19179     8376
19180     8412
19181     8448
19182     8484
19183     8520
19184     8556
19185     8640
19186     8700
19187     8736
19188     8772
19189     8820
19190     8904
19191     8946
19192     9330
19193     9360
19194     9390
19195     9420
19196     9450
19197     9480
19198     9510
19199     6426
19200     6528
19201     6582
19202     6636
19203     5400
19204     5448
19205     5496
19206     5544
19207     5592
19208     5640
19209     5688
19210     5736
19211     5784
19212     5832
19213     5880
19214     6300
19215     6456
19216     6492
19217     6540
19218     6600
19219     6636
19220     6672
19221     6708
19222     6744
19223     6780
19224     6852
19225     6888
19226     6924
19227     7290
19228     7332
19229     17700
19230     6930
19231     7020
19232     7062
19233     7104
19234     5400
19235     21420
19236     21480
19237     6192
19238     6228
19239     6300
19240     22620
19241     7320
19242     unreachable
19243     6060
19244     6300
19245     6360
19246     5520
19247     5400
19248     5460
19249     21960
19250     16920
19251     5868
19252     5916
19253     5964
19254     6012
19255     6060
19256     6120
19257     6198
19258     6276
19259     4860
19260     4932
19261     5148
19262     5220
19263     5292
19264     5442
19265     5484
19266     5526
19267     5580
19268     5628
19269     5676
19270     9240
19271     9480
19272     9540
19273     9582
19274     9630
19275     9804
19276     9846
19277     9888
19278     9930
19279     7038
19280     7116
19281     7200
19282     7290
19283     7320
19284     7350
19285     7380
19286     7410
19287     5982
19288     6024
19289     6066
19290     7980
19291     8040
19292     8100
19293     8160
19294     8220
19295     8280
19296     7224
19297     7320
19298     7356
19299     7392
19300     7428
19301     7464
19302     7500
19303     5508
19304     5556
19305     5604
19306     5652
19307     5700
19308     5760
19309     5820
19310     5880
19311     5940
19312     6348
19313     6432
19314     6780
19315     6840
19316     6900
19317     6660
19318     7920
19319     17340
19320     15558
19321     15624
19322     6720
19323     6780
19324     unreachable
19325     20130
19326     20160
19327     15426
19328     15492
19329     16860
19330     18744
19331     18810
19332     17544
19333     17592
19334     17640
19335     17688
19336     17736
19337     17784
19338     17832
19339     17880
19340     17940
19341     18000
19342     18300
19343     18360
19344     18402
19345     18444
19346     18486
19347     18900
19348     18960
19349     19020
19350     19296
19351     19344
19352     19392
19353     18702
19354     18744
19355     18786
19356     18840
19357     18888
19358     19080
19359     19128
19360     19176
19361     19260
19362     19308
19363     19356
19364     19404
19365     19452
19366     19500
19367     19548
19368     19596
19369     7230
19370     8508
19371     8556
19372     8604
19373     8652
19374     6012
19375     6078
19376     7140
19377     7200
19378     7260
19379     7302
19380     7344
19381     7386
19382     7428
19383     7470
19384     7512
19385     6360
19386     6468
19387     6510
19388     6552
19389     6594
19390     6636
19391     6720
19392     6780
19393     6840
19394     6900
19395     6960
19396     7020
19397     5016
19398     5064
19399     5112
19400     5160
19401     5928
19402     5970
19403     7554
19404     7596
19405     7638
19406     6390
19407     6444
19408     6492
19409     6546
19410     6600
19411     6630
19412     6666
19413     6702
19414     6732
19415     6936
19416     8322
19417     8352
19418     8388
19419     8586
19420     8622
19421     8652
19422     8688
19423     8724
19424     8760
19425     8808
19426     8862
19427     8916
19428     8964
19429     20568
19430     20610
19431     20652
19432     20694
19433     20736
19434     20778
19435     7326
19436     7368
19437     7410
19438     7452
19439     7494
19440     17124
19441     17196
19442     17268
19443     17340
19444     17400
19445     17460
19446     17640
19447     17688
19448     17736
19449     17784
19450     6960
19451     7020
19452     18690
19453     18720
19454     17790
19455     7260
19456     7320
19457     18720
19458     18780
19459     19092
19460     19134
19461     19200
19462     19266
19463     19332
19464     19398
19465     18540
19466     17142
19467     17178
19468     17220
19469     5220
19470     5262
19471     5304
19472     19596
19473     19632
19474     19740
19475     19176
19476     19212
19477     19248
19478     19284
19479     19320
19480     19356
19481     19392
19482     18900
19483     19164
19484     17880
19485     17916
19486     17952
19487     6720
19488     6762
19489     6900
19490     6930
19491     6960
19492     7002
19493     6846
19494     6888
19495     6972
19496     7020
19497     16560
19498     16620
19499     16740
19500     8070
19501     8112
19502     8160
19503     8178
19504     8196
19505     8346
19506     8388
19507     8430
19508     8580
19509     8856
19510     8892
19511     8928
19512     8964
19513     9000
19514     9060
19515     18324
19516     18348
19517     20694
19518     20736
19519     20778
19520     19188
19521     19236
19522     19284
19523     19596
19524     19644
19525     19692
19526     19740
19527     19788
19528     19836
19529     19884
19530     19932
19531     19980
19532     20040
19533     20496
19534     20544
19535     20592
19536     20640
19537     20688
19538     20760
19539     20796
19540     20832
19541     20868
19542     21144
19543     21192
19544     21240
19545     19776
19546     19812
19547     19848
19548     5880
19549     5946
19550     16758
19551     16824
19552     16890
19553     16980
19554     17016
19555     17052
19556     17100
19557     17400
19558     17460
19559     17520
19560     17562
19561     17604
19562     18480
19563     18750
19564     18792
19565     18834
19566     18900
19567     18942
19568     18984
19569     19026
19570     19260
19571     19296
19572     19332
19573     19380
19574     19446
19575     19512
19576     19578
19577     19884
19578     19956
19579     20040
19580     20100
19581     20160
19582     20220
19583     20280
19584     14676
19585     14712
19586     15720
19587     15660
19588     15720
19589     15816
19590     15948
19591     15996
19592     16044
19593     16092
19594     16140
19595     16212
19596     7020
19597     6798
19598     6600
19599     6660
19600     6720
19601     6780
19602     19170
19603     19290
19604     19320
19605     19410
19606     19500
19607     19560
19608     19620
19609     19680
19610     19740
19611     19200
19612     19242
19613     17040
19614     19326
19615     19368
19616     19410
19617     17940
19618     17976
19619     18018
19620     18042
19621     18066
19622     18090
19623     18576
19624     18624
19625     18672
19626     18720
19627     18768
19628     18816
19629     18864
19630     19344
19631     19392
19632     19440
19633     19488
19634     19536
19635     19620
19636     20208
19637     20256
19638     20304
19639     20352
19640     20400
19641     20478
19642     20556
19643     20640
19644     20670
19645     20790
19646     18276
19647     18348
19648     18420
19649     18480
19650     18540
19651     18600
19652     18660
19653     6942
19654     6984
19655     18852
19656     18876
19657     9300
19658     9360
19659     9420
19660     9480
19661     9972
19662     10008
19663     10044
19664     10080
19665     10140
19666     7980
19667     5940
19668     6000
19669     6060
19670     6120
19671     6150
19672     6180
19673     6210
19674     6240
19675     6360
19676     6420
19677     6480
19678     16950
19679     16980
19680     17010
19681     19068
19682     19116
19683     19164
19684     19212
19685     19260
19686     19320
19687     19380
19688     21780
19689     21810
19690     21840
19691     21870
19692     21900
19693     21930
19694     21960
19695     18600
19696     18660
19697     18780
19698     15810
19699     16680
19700     17400
19701     17460
19702     17520
19703     17580
19704     17610
19705     17640
19706     17670
19707     17700
19708     17730
19709     16920
19710     17430
19711     17460
19712     17490
19713     17520
19714     17550
19715     17580
19716     17610
19717     17712
19718     17736
19719     17760
19720     17784
19721     17808
19722     17832
19723     17880
19724     17922
19725     17964
19726     18006
19727     18048
19728     18090
19729     18132
19730     18720
19731     18840
19732     16740
19733     16230
19734     16260
19735     16290
19736     16320
19737     16380
19738     16440
19739     16470
19740     16500
19741     16530
19742     16560
19743     16590
19744     16620
19745     16650
19746     16764
19747     16788
19748     16812
19749     16836
19750     16860
19751     16884
19752     8400
19753     8856
19754     8898
19755     8940
19756     8976
19757     9018
19758     9204
19759     9240
19760     18720
19761     18768
19762     18816
19763     18864
19764     19272
19765     19344
19766     19416
19767     19488
19768     19560
19769     19848
19770     19896
19771     19944
19772     19992
19773     20040
19774     20088
19775     20130
19776     20172
19777     20220
19778     8232
19779     8262
19780     8298
19781     8328
19782     8364
19783     18000
19784     18630
19785     18660
19786     17220
19787     18420
19788     18540
19789     19176
19790     19212
19791     17904
19792     17952
19793     21042
19794     21126
19795     21264
19796     21306
19797     21336
19798     21420
19799     21456
19800     21492
19801     21600
19802     18060
19803     19488
19804     19536
19805     19584
19806     19632
19807     19680
19808     20142
19809     20190
19810     20232
19811     21288
19812     21336
19813     21384
19814     20892
19815     20940
19816     17556
19817     unreachable
19818     17166
19819     unreachable
19820     20148
19821     19968
19822     20004
19823     20136
19824     20172
19825     20208
19826     20244
19827     20424
19828     20466
19829     29262
19830     29304
19831     21072
19832     21108
19833     21144
19834     21180
19835     16896
19836     16932
19837     7170
19838     7200
19839     18708
19840     18744
19841     18780
19842     6510
19843     6540
19844     6570
19845     6600
19846     6630
19847     6660
19848     6804
19849     6930
19850     16020
19851     16680
19852     8970
19853     9012
19854     9060
19855     9090
19856     9120
19857     9150
19858     9180
19859     9210
19860     9240
19861     17040
19862     17082
19863     7140
19864     17160
19865     17202
19866     17760
19867     17880
19868     17910
19869     17940
19870     18000
19871     18060
19872     17844
19873     17976
19874     18012
19875     18048
19876     18960
19877     18996
19878     19032
19879     6636
19880     6684
19881     6732
19882     6780
19883     6810
19884     16320
19885     16380
19886     16416
19887     16452
19888     16488
19889     17136
19890     17172
19891     17220
19892     17256
19893     17292
19894     17328
19895     17364
19896     17478
19897     17556
19898     6144
19899     6210
19900     6300
19901     6330
19902     6360
19903     6432
19904     6504
19905     6576
19906     6900
19907     7026
19908     7080
19909     7230
19910     7272
19911     7320
19912     7350
19913     7380
19914     7410
19915     8184
19916     8220
19917     8568
19918     8616
19919     9360
19920     9390
19921     9420
19922     9480
19923     9528
19924     21588
19925     21630
19926     21672
19927     20322
19928     20364
19929     20406
19930     21012
19931     21048
19932     21810
19933     21840
19934     20100
19935     20160
19936     20220
19937     21540
19938     21600
19939     21180
19940     21240
19941     21300
19942     24468
19943     24516
19944     24564
19945     15696
19946     15744
19947     15792
19948     15840
19949     15900
19950     15960
19951     16020
19952     15960
19953     16200
19954     15840
19955     16020
19956     16080
19957     16140
19958     16182
19959     16224
19960     16266
19961     16308
19962     16440
19963     18600
19964     20100
19965     20340
19966     20388
19967     20466
19968     20490
19969     16950
19970     16962
19971     16998
19972     17022
19973     17280
19974     18240
19975     18396
19976     17124
19977     17208
19978     17310
19979     17340
19980     18264
19981     18330
19982     18960
19983     19020
19984     19980
19985     20040
19986     20184
19987     23040
19988     23076
19989     23112
19990     23148
19991     23184
19992     23220
19993     23280
19994     23400
19995     23520
19996     23568
19997     23616
19998     23664
19999     23712
20000     23760
20001     23862
20002     23964
20003     24066
20004     unreachable
20005     unreachable
20006     unreachable
20007     unreachable
20008     unreachable
20009     unreachable
20010     unreachable
20011     unreachable
20012     unreachable
20013     unreachable
20014     unreachable
20015     unreachable
20016     unreachable
20017     unreachable
20018     unreachable
20019     unreachable
20020     unreachable
20021     unreachable
20022     22200
20023     22422
20024     22464
20025     22506
20026     22548
20027     20118
20028     20196
20029     20280
20030     23076
20031     22800
20032     22860
20033     22920
20034     18240
20035     18300
20036     18360
20037     23448
20038     23484
20039     23520
20040     23556
20041     23592
20042     19680
20043     20616
20044     20652
20045     20688
20046     19140
20047     19188
20048     19236
20049     20040
20050     20100
20051     20160
20052     20220
20053     20250
20054     20280
20055     20310
20056     20340
20057     20370
20058     20400
20059     20460
20060     21030
20061     21060
20062     27126
20063     27168
20064     27210
20065     27252
20066     27294
20067     27360
20068     unreachable
20069     unreachable
20070     unreachable
20071     unreachable
20072     21090
20073     21120
20074     21150
20075     21180
20076     21240
20077     21300
20078     21360
20079     19104
20080     19140
20081     19200
20082     19392
20083     19428
20084     19464
20085     19500
20086     7260
20087     7320
20088     7380
20089     7416
20090     7452
20091     7488
20092     7524
20093     7560
20094     7620
20095     16680
20096     19140
20097     7500
20098     7560
20099     7596
20100     7632
20101     7668
20102     7704
20103     7740
20104     7776
20105     7812
20106     19620
20107     18084
20108     18156
20109     18192
20110     17184
20111     17226
20112     17310
20113     17940
20114     unreachable
20115     unreachable
20116     unreachable
20117     unreachable
20118     unreachable
20119     unreachable
20120     57300
20121     20664
20122     20688
20123     20712
20124     20736
20125     21036
20126     21084
20127     21132
20128     20550
20129     20580
20130     20610
20131     20640
20132     20910
20133     20940
20134     20970
20135     21000
20136     21030
20137     21240
20138     21300
20139     21360
20140     21420
20141     21480
20142     21540
20143     6780
20144     5616
20145     5652
20146     5688
20147     5724
20148     7260
20149     30240
20150     57336
20151     54192
20152     54240
20153     24600
20154     20520
20155     20568
20156     20616
20157     20664
20158     20712
20159     19020
20160     19068
20161     19116
20162     19164
20163     19212
20164     19260
20165     19320
20166     19380
20167     19440
20168     19620
20169     19680
20170     19740
20171     19800
20172     19860
20173     19920
20174     18420
20175     18480
20176     18540
20177     18900
20178     18960
20179     19560
20180     19620
20181     19680
20182     19740
20183     19800
20184     19860
20185     19920
20186     19980
20187     20040
20188     20100
20189     20160
20190     22080
20191     22140
20192     22200
20193     22260
20194     22308
20195     22356
20196     22404
20197     22452
20198     22500
20199     18456
20200     18504
20201     18840
20202     18900
20203     18960
20204     19416
20205     19452
20206     19488
20207     19524
20208     19560
20209     20376
20210     20424
20211     20472
20212     20580
20213     21972
20214     22008
20215     22044
20216     19800
20217     19836
20218     19872
20219     19908
20220     19944
20221     unreachable
20222     unreachable
20223     unreachable
20224     unreachable
20225     unreachable
20226     unreachable
20227     unreachable
20228     unreachable
20229     unreachable
20230     21048
20231     21084
20232     21120
20233     21156
20234     21192
20235     21540
20236     22530
20237     22572
20238     22872
20239     22908
20240     22944
20241     22980
20242     23382
20243     23424
20244     23466
20245     23508
20246     23550
20247     23592
20248     23634
20249     23700
20250     19380
20251     19410
20252     19440
20253     19470
20254     19500
20255     19530
20256     19560
20257     19620
20258     19440
20259     19692
20260     20400
20261     20436
20262     20472
20263     20508
20264     20544
20265     20580
20266     20616
20267     21180
20268     21840
20269     22104
20270     22146
20271     22188
20272     22230
20273     20520
20274     19404
20275     19500
20276     19530
20277     19560
20278     19590
20279     19620
20280     19650
20281     19680
20282     19740
20283     19800
20284     23568
20285     23616
20286     23664
20287     23712
20288     23802
20289     23844
20290     23886
20291     24180
20292     24240
20293     24300
20294     24648
20295     24684
20296     24720
20297     24888
20298     24936
20299     25248
20300     25290
20301     25332
20302     25620
20303     25680
20304     25740
20305     25848
20306     25896
20307     25944
20308     25992
20309     21240
20310     21300
20311     21360
20312     21540
20313     21600
20314     21660
20315     21708
20316     21756
20317     21804
20318     21852
20319     21900
20320     21960
20321     18456
20322     18504
20323     18552
20324     18600
20325     21720
20326     21780
20327     21840
20328     21900
20329     21930
20330     21960
20331     21990
20332     22020
20333     22050
20334     22308
20335     22344
20336     22380
20337     23820
20338     23868
20339     23916
20340     22380
20341     22404
20342     22428
20343     22452
20344     22500
20345     22542
20346     22584
20347     22626
20348     unreachable
20349     21642
20350     21684
20351     21726
20352     21780
20353     21840
20354     21900
20355     21000
20356     unreachable
20357     21780
20358     21840
20359     21900
20360     21960
20361     22020
20362     22080
20363     21000
20364     21060
20365     21636
20366     21672
20367     21708
20368     21744
20369     21780
20370     22230
20371     22260
20372     22290
20373     22320
20374     21720
20375     21780
20376     unreachable
20377     unreachable
20378     unreachable
20379     unreachable
20380     unreachable
20381     unreachable
20382     unreachable
20383     unreachable
20384     unreachable
20385     unreachable
20386     unreachable
20387     unreachable
20388     unreachable
20389     unreachable
20390     unreachable
20391     unreachable
20392     unreachable
20393     unreachable
20394     unreachable
20395     unreachable
20396     unreachable
20397     unreachable
20398     unreachable
20399     unreachable
20400     unreachable
20401     unreachable
20402     unreachable
20403     unreachable
20404     unreachable
20405     unreachable
20406     unreachable
20407     unreachable
20408     unreachable
20409     unreachable
20410     unreachable
20411     unreachable
20412     unreachable
20413     unreachable
20414     unreachable
20415     28440
20416     28500
20417     28560
20418     28620
20419     23340
20420     23724
20421     23808
20422     23892
20423     23976
20424     24060
20425     24144
20426     21060
20427     21090
20428     21120
20429     21150
20430     21360
20431     21420
20432     21540
20433     21588
20434     21636
20435     21684
20436     21732
20437     21756
20438     22200
20439     20370
20440     20412
20441     20496
20442     20580
20443     20700
20444     20760
20445     20964
20446     21000
20447     21060
20448     21696
20449     21744
20450     21792
20451     21840
20452     21888
20453     21936
20454     21984
20455     22146
20456     22188
20457     22230
20458     22272
20459     22314
20460     27060
20461     21972
20462     22020
20463     22080
20464     22140
20465     22200
20466     22260
20467     22320
20468     22380
20469     23760
20470     24360
20471     24960
20472     25440
20473     unreachable
20474     23880
20475     24648
20476     26400
20477     26580
20478     26640
20479     26700
20480     22872
20481     22944
20482     23016
20483     23220
20484     23580
20485     24468
20486     24900
20487     21102
20488     21204
20489     21960
20490     22740
20491     22938
20492     26568
20493     26610
20494     26652
20495     26694
20496     26760
20497     26880
20498     26940
20499     27000
20500     27120
20501     27150
20502     27180
20503     27210
20504     27240
20505     27270
20506     27300
20507     27360
20508     27396
20509     24720
20510     24750
20511     24780
20512     24816
20513     24852
20514     24888
20515     24924
20516     24960
20517     24996
20518     25128
20519     25176
20520     25224
20521     25320
20522     25380
20523     25452
20524     25524
20525     25596
20526     25740
20527     26502
20528     26556
20529     25860
20530     25950
20531     22140
20532     21060
20533     21120
20534     21570
20535     21786
20536     21828
20537     21870
20538     22380
20539     unreachable
20540     unreachable
20541     23940
20542     24000
20543     24060
20544     24990
20545     25080
20546     unreachable
20547     20334
20548     20412
20549     20490
20550     20580
20551     20640
20552     20700
20553     20760
20554     20796
20555     20802
20556     20844
20557     20886
20558     20928
20559     20970
20560     21012
20561     21048
20562     21084
20563     22140
20564     22200
20565     22440
20566     22512
20567     22584
20568     22656
20569     22728
20570     22884
20571     22926
20572     23280
20573     22848
20574     22896
20575     22944
20576     20148
20577     20184
20578     20352
20579     20424
20580     20580
20581     20772
20582     20820
20583     21864
20584     21912
20585     21960
20586     22008
20587     22104
20588     22200
20589     22242
20590     22284
20591     22326
20592     22380
20593     22446
20594     22578
20595     23592
20596     24132
20597     24180
20598     24228
20599     24276
20600     24360
20601     24432
20602     24576
20603     24720
20604     25440
20605     25680
20606     25740
20607     25800
20608     25860
20609     25920
20610     25968
20611     26016
20612     26064
20613     26112
20614     26160
20615     26208
20616     25806
20617     25872
20618     25938
20619     26004
20620     26070
20621     26136
20622     26202
20623     26280
20624     26418
20625     26556
20626     26700
20627     27000
20628     24360
20629     24420
20630     24516
20631     24612
20632     24660
20633     24720
20634     24798
20635     24876
20636     24954
20637     25032
20638     25620
20639     25800
20640     25956
20641     26052
20642     unreachable
20643     unreachable
20644     unreachable
20645     unreachable
20646     unreachable
20647     unreachable
20648     29940
20649     31620
20650     31680
20651     29760
20652     29850
20653     30180
20654     30240
20655     30300
20656     30360
20657     24600
20658     24660
20659     24720
20660     24780
20661     24840
20662     23820
20663     24948
20664     24996
20665     25044
20666     25092
20667     25140
20668     25188
20669     25548
20670     25572
20671     25596
20672     24150
20673     24180
20674     24210
20675     23502
20676     23544
20677     23586
20678     23628
20679     23670
20680     23712
20681     23754
20682     23856
20683     23892
20684     23928
20685     23964
20686     24000
20687     unreachable
20688     17520
20689     17550
20690     17580
20691     17610
20692     17640
20693     17700
20694     17736
20695     17772
20696     17808
20697     17844
20698     20640
20699     20676
20700     20712
20701     20748
20702     20820
20703     20856
20704     20892
20705     20928
20706     20964
20707     21420
20708     17172
20709     17520
20710     17640
20711     18120
20712     unreachable
20713     16260
20714     17280
20715     7020
20716     7098
20717     7176
20718     7260
20719     7320
20720     7380
20721     7440
20722     7860
20723     7902
20724     7944
20725     7986
20726     8028
20727     7086
20728     7128
20729     7170
20730     7212
20731     7680
20732     7728
20733     7764
20734     7800
20735     7860
20736     7920
20737     23700
20738     24006
20739     24072
20740     24138
20741     24204
20742     24270
20743     24342
20744     24408
20745     24522
20746     24564
20747     24606
20748     25452
20749     25488
20750     25518
20751     25626
20752     25692
20753     25758
20754     25824
20755     25890
20756     25962
20757     26028
20758     26100
20759     26220
20760     26340
20761     26400
20762     26460
20763     6780
20764     6840
20765     7380
20766     7440
20767     unreachable
20768     unreachable
20769     unreachable
20770     unreachable
20771     22860
20772     22980
20773     22530
20774     23880
20775     23940
20776     24000
20777     11250
20778     11280
20779     11310
20780     11340
20781     11370
20782     11400
20783     9240
20784     9252
20785     9288
20786     9324
20787     9360
20788     9396
20789     9432
20790     22350
20791     21666
20792     21684
20793     24300
20794     24396
20795     24432
20796     24468
20797     24504
20798     21576
20799     21612
20800     21660
20801     21708
20802     21756
20803     21804
20804     21852
20805     22116
20806     22164
20807     22212
20808     22260
20809     22302
20810     22344
20811     22386
20812     22440
20813     22470
20814     22500
20815     22530
20816     22620
20817     22680
20818     22740
20819     23280
20820     22440
20821     22722
20822     22764
20823     22806
20824     22860
20825     22902
20826     22944
20827     22986
20828     23040
20829     23088
20830     23136
20831     23406
20832     23448
20833     23490
20834     23532
20835     23574
20836     23640
20837     23700
20838     23760
20839     23820
20840     24072
20841     24144
20842     24216
20843     unreachable
